Date,Time,BLOCK,Cblock,lat,lon,ABO,ALF,ARD,BEN,CHN,DAU,DOU,FID,GER,ILA,KAS,KEV,LAF,LAN,MAC,MAS,MOR,MUG,SAM,TAL,TRS,URS
01/10/2015,07:00,27B,25B,1.725720959,31.56794501,0,0,0,0,0,0,0,0,0,0,0,0,0,0,0,0,0,0,0,0,0,1
02/10/2015,07:15,270,250,1.720032999,31.54681097,0,0,0,1,0,1,0,1,1,0,0,0,0,0,0,0,0,0,0,0,1,0
04/10/2015,10:15,300,300,1.724120015,31.57233302,0,0,0,1,0,1,1,1,0,0,0,0,0,0,0,0,0,0,0,0,0,0
05/10/2015,08:00,250,250,1.720032999,31.54681097,0,0,0,0,0,0,0,0,0,0,0,0,0,0,0,0,0,0,0,0,1,0
07/10/2015,07:15,20P,20P,1.739070984,31.56355499,0,0,0,0,0,0,0,1,0,0,0,0,0,0,0,0,0,1,0,1,0,0
10/10/2015,08:45,220,20 0,1.724181036,31.56353001,0,0,0,0,0,1,0,0,1,0,0,0,0,0,1,0,0,1,0,0,0,1
13/10/2015,09:45,270,250,1.720032999,31.54681097,0,0,0,1,0,0,0,0,1,0,0,0,1,0,0,0,0,0,0,0,0,1
16/10/2015,08:00,29D,25D,1.727356017,31.567857,0,0,0,0,0,1,1,0,0,0,0,0,0,0,0,0,0,0,0,0,0,0
17/10/2015,08:45,322,304,1.719636032,31.57230503,0,0,0,0,0,0,0,0,0,1,0,0,0,0,0,0,0,0,0,0,0,0
18/10/2015,08:00,206,206,1.718372963,31.56371098,1,1,0,1,1,0,0,1,1,0,0,1,0,1,0,1,0,0,1,1,0,1
22/10/2015,12:30,32R,30R,1.740334975,31.57222398,0,0,0,0,0,0,0,0,0,1,0,0,0,0,0,0,0,0,0,0,0,0
23/10/2015,08:00,32P,30P,1.739380024,31.57213404,0,0,0,0,0,0,0,1,0,0,0,0,0,0,1,1,0,1,0,0,0,0
25/10/2015,08:00,30J,30J,1.733300965,31.57212901,0,0,0,0,0,0,0,0,0,0,0,0,0,0,1,0,0,0,1,0,0,0
28/10/2015,07:30,30H,30H,1.731982995,31.57225801,0,1,0,0,0,0,0,0,0,0,0,0,0,0,0,0,0,0,1,0,1,0
30/10/2015,07:15,30H,30H,1.731982995,31.57225801,0,0,1,1,0,0,0,0,0,0,0,0,0,0,1,0,0,0,0,0,0,0
31/10/2015,09:15,30R,30R,1.740334975,31.57222398,0,1,0,0,0,0,0,0,0,0,0,0,0,0,0,0,0,0,0,0,0,0
02/11/2015,09:00,30F,30F,1.729244962,31.57237401,0,1,0,0,0,0,1,0,0,0,0,0,0,0,0,0,0,0,0,0,1,0
03/11/2015,09:00,320,302,1.721977433,31.57211677,0,0,0,0,0,0,1,0,1,0,0,1,0,0,0,1,0,1,0,0,0,1
04/11/2015,12:00,17N,15N,1.736797979,31.55892801,0,0,0,1,0,0,0,0,0,0,0,0,0,0,1,0,0,0,1,0,0,0
07/12/2015,08:30,32H,30H,1.731982995,31.57225801,0,0,0,0,0,0,1,0,1,0,0,0,0,0,0,1,0,0,0,0,0,0
09/12/2015,09:00,35P,35P,1.738795973,31.57720702,0,0,0,0,0,1,1,0,0,0,0,0,0,0,1,1,0,0,0,0,0,0
10/12/2015,10:00,30R,30R,1.740334975,31.57222398,0,0,0,1,1,0,0,0,0,1,0,0,0,0,0,0,0,0,0,1,0,0
11/12/2015,07:45,37R,35R,1.740344027,31.57725899,0,1,0,1,1,0,1,0,1,0,0,0,0,0,0,0,1,0,0,1,1,0
15/12/2015,08:00,35R,35R,1.740344027,31.57725899,0,0,0,1,0,0,0,0,0,0,0,1,1,0,0,0,0,0,0,0,1,0
16/12/2015,08:30,37P,35P,1.738795973,31.57720702,0,0,0,0,0,0,0,0,0,1,0,0,0,0,0,0,0,0,0,0,0,0
17/12/2015,08:45,37R,35R,1.740344027,31.57725899,0,0,0,1,0,0,1,1,0,0,0,0,0,1,0,0,0,0,0,0,0,0
18/12/2015,08:00,37R,35R,1.740344027,31.57725899,1,0,0,0,0,0,1,0,0,0,0,0,0,0,1,0,1,0,0,0,1,0
21/12/2015,07:30,35R,35R,1.740344027,31.57725899,0,0,0,1,0,0,1,0,0,0,0,0,0,1,1,0,0,0,0,1,0,0
22/12/2015,07:30,35R,35R,1.740344027,31.57725899,0,1,0,1,0,0,0,0,0,0,0,0,0,0,0,0,1,0,0,0,0,0
23/12/2015,08:00,32P,30P,1.739380024,31.57213404,0,0,0,0,0,0,0,0,1,1,0,0,0,0,0,1,0,0,1,0,0,0
27/12/2015,10:30,27B,25B,1.725720959,31.56794501,0,0,1,0,0,1,1,1,1,0,1,0,0,0,1,1,0,0,1,0,1,0
03/01/2016,07:45,30H,30H,1.731982995,31.57225801,0,0,0,0,0,0,0,1,1,0,0,0,0,0,1,0,0,0,0,0,1,0
06/01/2016,08:30,32P,30P,1.739380024,31.57213404,0,1,0,1,0,1,1,0,0,1,0,0,0,0,0,1,0,0,0,0,0,0
07/01/2016,08:30,32R,30R,1.740334975,31.57222398,0,1,0,1,0,1,0,1,1,1,0,0,0,0,1,1,0,0,0,0,0,0
08/01/2016,08:00,27D,25D,1.727356017,31.567857,0,1,1,1,0,0,0,1,1,0,0,0,0,0,1,1,0,0,0,0,0,0
09/01/2016,13:30,37L,35L,1.735000983,31.57721599,0,1,0,1,0,0,0,1,1,0,0,0,0,0,1,1,0,0,0,0,0,0
10/01/2016,08:15,30P,30P,1.739380024,31.57213404,0,0,0,0,0,1,0,0,0,0,0,0,0,0,1,0,0,0,0,1,0,0
22/01/2016,10:30,35R,35R,1.740344027,31.57725899,0,0,0,0,0,0,0,0,0,0,0,0,1,0,0,0,0,0,0,0,0,0
23/01/2016,08:00,35R,35R,1.740344027,31.57725899,0,0,0,0,0,0,1,1,0,1,0,0,1,1,0,1,0,0,0,0,0,0
27/01/2016,08:00,32P,30P,1.739380024,31.57213404,0,0,0,0,0,0,0,0,0,0,0,0,0,0,0,0,0,0,0,0,0,0
28/01/2016,08:00,32P,30P,1.739380024,31.57213404,0,1,0,0,0,1,1,1,1,0,1,1,1,0,1,1,1,1,1,0,1,0
29/01/2016,08:00,354,354,1.719729993,31.57732503,0,0,0,1,0,0,1,1,1,0,0,0,1,0,1,1,0,1,1,1,1,0
30/01/2016,07:30,32R,30R,1.740334975,31.57222398,0,0,0,0,0,0,0,1,0,0,0,0,0,0,0,0,0,0,1,0,0,0
03/02/2016,07:45,32L,30L,1.735002995,31.57228701,0,0,0,1,0,0,0,1,1,0,0,0,0,0,1,0,0,0,0,1,1,0
04/02/2016,08:00,35N,35N,1.737316987,31.57718296,0,1,0,1,0,0,0,1,1,0,0,0,0,0,1,0,0,0,0,0,1,0
05/02/2016,08:45,30J,30J,1.733300965,31.57212901,0,0,0,0,0,0,0,1,0,0,0,0,0,0,1,0,0,0,0,0,0,0
10/02/2016,07:15,25D,25D,1.727356017,31.567857,0,0,0,1,0,0,1,1,0,0,0,0,0,0,0,0,0,0,0,0,1,0
11/02/2016,08:45,25J,25J,1.733472962,31.567842,1,0,0,1,1,0,0,0,0,1,0,0,0,1,1,0,0,0,0,1,0,0
12/02/2016,08:15,320,302,1.721977433,31.57211677,0,1,0,1,1,1,0,1,1,1,0,0,1,1,1,1,1,0,0,0,1,0
15/02/2016,08:00,22B,20B,1.725783991,31.56343102,0,1,0,1,1,1,1,1,0,1,0,0,1,1,1,1,1,0,0,0,1,0
19/02/2016,13:00,35J,35J,1.733449996,31.57691499,0,1,0,1,0,0,1,1,0,1,0,0,1,0,1,0,0,0,0,1,1,0
21/02/2016,08:45,35L,35L,1.735000983,31.57721599,0,0,0,1,0,0,0,0,1,0,0,0,0,0,1,0,0,0,0,0,0,0
22/02/2016,07:00,22B,20B,1.725783991,31.56343102,0,0,0,0,0,0,0,0,0,0,1,0,0,0,0,0,0,0,0,0,0,0
23/02/2016,07:30,22B,20B,1.725783991,31.56343102,0,1,0,1,0,1,0,1,0,0,0,0,0,0,1,0,0,0,1,0,1,0
25/02/2016,07:15,20 0,20 0,1.724181036,31.56353001,0,0,0,1,1,0,0,0,1,0,1,0,0,0,0,1,0,0,1,0,0,0
26/02/2016,07:30,220,20 0,1.724181036,31.56353001,0,1,0,0,0,0,0,0,0,0,0,0,0,0,0,0,0,0,0,0,0,0
27/02/2016,07:45,220,20 0,1.724181036,31.56353001,0,0,0,0,0,0,1,0,0,0,0,0,0,0,0,1,1,0,0,0,0,0
28/02/2016,08:30,27N,25N,1.736929994,31.56783496,1,0,0,0,0,0,0,1,0,0,0,0,0,1,1,0,0,0,1,1,0,0
01/03/2016,07:45,17N,15N,1.736797979,31.55892801,1,0,0,1,1,1,1,1,1,0,0,0,0,0,1,1,0,0,0,1,1,1
02/03/2016,07:00,20 0,20 0,1.724181036,31.56353001,0,0,0,0,0,0,0,0,0,0,1,0,0,0,0,0,1,0,0,0,0,0
03/03/2016,08:15,17N,15N,1.736797979,31.55892801,0,0,0,0,0,0,1,0,0,0,0,0,0,0,1,0,1,0,0,0,0,0
04/03/2016,07:30,22B,20B,1.725783991,31.56343102,0,0,0,0,0,1,0,0,0,0,0,0,0,0,0,0,0,0,1,0,0,0
05/03/2016,08:15,220,20 0,1.724181036,31.56353001,0,1,0,0,0,0,0,0,0,0,0,0,0,0,1,1,0,0,0,0,0,0
09/03/2016,07:45,20 0,20 0,1.724181036,31.56353001,0,0,0,0,0,0,0,0,0,0,0,0,0,0,0,0,1,0,0,0,0,0
10/03/2016,07:00,20 0,20 0,1.724181036,31.56353001,0,0,0,0,0,0,1,0,0,0,1,1,1,0,0,0,0,0,1,0,0,0
11/03/2016,07:00,20 0,20 0,1.724181036,31.56353001,0,1,0,0,0,0,1,0,0,1,1,0,0,0,1,0,1,0,0,0,0,0
12/03/2016,07:15,20 0,20 0,1.724181036,31.56353001,0,1,0,0,0,0,0,0,1,0,1,1,0,1,0,1,0,0,0,0,0,0
15/03/2016,07:15,20 0,20 0,1.724181036,31.56353001,0,0,0,0,0,0,0,0,1,0,1,0,0,0,0,0,0,0,0,0,0,0
16/03/2016,08:45,22B,20B,1.725783991,31.56343102,0,1,0,0,0,0,1,1,1,1,0,0,1,0,1,0,1,0,0,0,1,0
17/03/2016,07:00,20 0,20 0,1.724181036,31.56353001,0,0,0,1,0,0,1,0,1,0,1,1,0,0,0,0,0,0,0,1,0,1
18/03/2016,07:30,220,20 0,1.724181036,31.56353001,0,0,1,1,0,0,1,1,1,0,1,0,0,1,1,1,0,0,1,0,1,0
20/03/2016,08:00,22B,20B,1.725783991,31.56343102,0,0,0,1,0,0,0,0,1,0,0,1,0,1,1,0,0,0,0,1,1,1
23/03/2016,07:15,220,20 0,1.724181036,31.56353001,0,1,0,0,0,0,1,0,0,0,0,0,0,0,0,1,1,0,0,0,0,0
26/03/2016,07:15,20 0,20 0,1.724181036,31.56353001,0,0,0,0,0,1,0,0,0,0,1,0,0,0,0,0,0,0,0,0,0,0
29/03/2016,08:00,20D,20D,1.727420976,31.563369,0,0,1,0,0,0,0,0,0,0,0,0,0,0,0,0,0,0,0,1,0,0
01/04/2016,08:30,20B,20B,1.725783991,31.56343102,0,0,0,1,0,1,0,0,1,0,0,0,0,0,0,0,0,0,0,0,0,0
02/04/2016,07:00,20 0,20 0,1.724181036,31.56353001,0,1,0,0,0,0,0,0,1,0,1,0,0,0,0,0,0,0,0,0,0,0
03/04/2016,09:15,17L,15L,1.735025961,31.55892701,0,0,0,0,0,0,0,1,0,0,0,0,0,0,0,0,0,0,1,0,0,0
02/05/2016,08:30,30F,30F,1.729244962,31.57237401,0,1,0,0,0,0,0,0,0,0,0,0,0,0,0,0,0,0,0,0,0,0
03/05/2016,08:00,17F,15F,1.72976397,31.55887504,0,1,0,1,0,0,0,1,1,0,0,0,0,0,0,0,0,0,0,0,0,0
04/05/2016,06:45,17F,15F,1.72976397,31.55887504,0,0,0,0,0,0,0,0,0,0,0,0,0,0,0,0,0,0,0,0,0,0
07/05/2016,07:30,27H,25H,1.731971009,31.56793102,0,0,0,0,0,0,0,0,0,0,0,0,0,0,0,0,0,0,0,1,0,0
08/05/2016,08:45,30N,30N,1.737150019,31.57219699,0,0,0,0,0,0,0,0,0,0,0,0,0,0,0,0,0,0,0,0,0,0
11/05/2016,07:30,32J,30J,1.733300965,31.57212901,0,0,0,0,0,0,0,0,0,0,0,0,0,0,1,0,0,0,0,0,0,0
14/05/2016,07:30,27H,25H,1.731971009,31.56793102,1,0,0,0,0,0,0,0,0,0,0,1,0,1,0,0,0,1,0,1,0,0
15/05/2016,09:30,27H,25H,1.731971009,31.56793102,0,0,0,0,0,0,0,0,0,0,0,0,0,0,0,0,0,0,0,0,0,0
16/05/2016,08:45,27H,25H,1.731971009,31.56793102,0,0,0,0,0,0,0,0,0,0,0,0,0,0,0,0,0,0,0,0,0,0
17/05/2016,07:00,27H,25H,1.731971009,31.56793102,0,0,0,0,0,0,0,0,0,0,0,0,0,0,0,0,0,0,0,0,0,0
19/05/2016,08:00,15R,15R,1.740442012,31.55883799,0,0,0,0,0,0,0,0,0,1,0,0,0,0,0,0,0,0,0,0,0,0
20/05/2016,07:45,13R,10R,1.740615517,31.55405478,0,0,1,0,0,0,0,0,0,0,0,0,0,0,0,0,0,0,0,0,0,0
21/05/2016,07:00,13R,10R,1.740615517,31.55405478,0,0,1,0,0,0,0,0,0,0,0,0,0,0,0,0,0,0,0,0,0,0
22/05/2016,07:00,13L,10L,1.734331017,31.55417497,0,0,0,0,0,1,0,0,0,1,0,0,0,0,0,0,0,1,0,1,0,0
23/05/2016,07:00,13R,10R,1.740615517,31.55405478,0,0,1,1,0,1,0,1,0,0,0,0,0,0,1,0,0,1,0,1,0,0
25/05/2016,10:00,13R,10R,1.740615517,31.55405478,0,1,0,0,0,0,0,0,0,1,0,0,0,0,0,0,0,0,0,0,0,0
26/05/2016,09:15,13R,10R,1.740615517,31.55405478,0,0,0,0,0,0,0,0,0,0,0,0,0,0,0,0,0,0,0,0,0,0
27/05/2016,08:00,32P,30P,1.739380024,31.57213404,0,1,0,0,0,0,1,0,0,0,0,0,0,0,0,0,0,0,0,0,0,0
28/05/2016,07:15,30N,30N,1.737150019,31.57219699,0,0,0,1,0,0,1,0,1,0,0,0,0,0,0,0,0,0,0,0,1,0
29/05/2016,07:15,32R,30R,1.740334975,31.57222398,0,0,0,0,0,1,1,0,1,0,0,1,0,0,0,0,0,0,1,0,1,1
31/05/2016,08:15,37N,35N,1.737316987,31.57718296,0,0,0,1,0,0,0,1,0,0,0,0,0,0,0,0,0,0,0,0,1,0
01/06/2016,07:30,30D,30D,1.727519967,31.57217402,0,0,0,1,0,1,0,0,0,1,0,0,0,0,0,0,0,0,0,1,0,0
02/06/2016,07:45,320,302,1.721977433,31.57211677,0,1,0,1,0,0,1,0,1,0,0,1,0,0,0,0,0,0,1,1,1,1
04/06/2016,08:00,35R,35R,1.740344027,31.57725899,0,0,0,0,0,0,0,0,0,1,0,0,0,0,1,0,0,0,0,0,1,0
05/06/2016,07:45,32J,30J,1.733300965,31.57212901,0,0,0,1,0,0,0,0,0,0,0,1,0,0,1,0,0,0,0,1,0,0
06/06/2016,08:30,320,302,1.721977433,31.57211677,0,1,0,0,0,0,1,0,0,0,0,0,0,0,0,0,0,0,0,0,0,0
07/06/2016,07:45,30H,30H,1.731982995,31.57225801,0,0,0,0,0,0,0,0,0,1,0,0,0,0,0,0,0,0,0,0,0,0
08/06/2016,12:30,37R,35R,1.740344027,31.57725899,0,0,0,0,0,0,0,1,0,0,0,0,0,0,1,1,0,0,0,0,0,0
10/06/2016,07:45,32L,30L,1.735002995,31.57228701,0,0,0,0,0,0,0,0,0,1,0,0,0,0,0,0,0,1,0,0,0,0
11/06/2016,07:45,35J,35J,1.733449996,31.57691499,0,0,0,0,0,0,0,0,0,0,0,0,0,0,0,0,1,0,0,0,0,0
12/06/2016,07:45,37F,35F,1.729291985,31.57722998,0,1,0,1,0,1,0,1,0,0,0,0,0,0,1,0,0,1,0,1,1,0
13/06/2016,10:30,35R,35R,1.740344027,31.57725899,0,0,0,0,0,0,0,0,0,1,0,0,0,0,0,0,0,0,0,0,0,0
14/06/2016,08:00,37R,35R,1.740344027,31.57725899,0,0,1,1,0,1,0,1,0,0,0,0,0,0,1,1,0,0,1,1,0,0
15/06/2016,09:00,35R,35R,1.740344027,31.57725899,0,0,1,1,0,0,0,1,1,0,0,0,0,0,0,0,0,0,0,1,1,0
16/06/2016,09:30,32N,30N,1.737150019,31.57219699,0,1,0,1,0,0,0,0,1,0,0,0,0,0,0,1,0,0,0,0,0,0
17/06/2016,08:30,30L,30L,1.735002995,31.57228701,0,1,0,0,0,0,0,0,0,0,0,0,0,0,0,0,0,0,1,0,0,0
18/06/2016,11:30,30J,30J,1.733300965,31.57212901,0,0,0,0,0,0,0,0,0,0,0,0,1,0,1,0,0,0,0,0,1,0
19/06/2016,11:00,32J,30J,1.733300965,31.57212901,0,0,0,0,0,0,0,0,0,0,0,0,0,0,0,0,0,0,0,0,0,0
20/06/2016,08:15,32P,30P,1.739380024,31.57213404,0,0,0,0,0,0,0,0,0,0,0,0,0,0,0,0,0,0,0,0,0,0
22/06/2016,08:30,29L,25L,1.735076001,31.56786497,0,0,0,0,0,0,0,0,0,0,0,0,0,0,0,0,0,0,1,0,0,1
23/06/2016,09:15,22F,20F,1.729677971,31.56344804,0,1,0,0,0,0,1,0,1,0,0,0,0,0,1,0,0,0,0,0,0,0
24/06/2016,09:45,22H,20H,1.731942007,31.56338601,0,0,0,0,0,0,0,0,1,0,0,0,0,0,0,1,0,0,0,0,0,0
26/06/2016,09:00,27F,25F,1.72952299,31.56782297,0,0,0,0,0,0,1,0,0,0,0,0,0,0,0,0,0,0,0,0,0,0
27/06/2016,08:15,27F,25F,1.72952299,31.56782297,0,0,0,0,0,0,0,0,0,0,0,0,0,0,0,0,0,0,0,0,0,0
30/06/2016,10:00,27H,25H,1.731971009,31.56793102,0,0,0,0,0,1,0,1,0,0,0,0,0,0,0,0,0,0,0,0,0,0
01/07/2016,08:00,37H,35H,1.732096989,31.57712697,0,0,0,0,1,0,0,1,0,0,0,0,0,0,0,0,0,0,1,0,0,0
02/07/2016,07:00,27H,25H,1.731971009,31.56793102,0,0,0,0,0,0,0,1,0,0,0,0,0,0,0,0,0,0,0,0,0,0
03/07/2016,07:00,27H,25H,1.731971009,31.56793102,0,0,1,0,1,0,0,0,0,0,0,0,0,1,0,1,1,0,1,0,0,0
04/07/2016,07:30,27H,25H,1.731971009,31.56793102,0,1,0,1,0,0,1,0,1,0,0,0,0,0,0,1,0,0,1,0,0,0
05/07/2016,07:30,27H,25H,1.731971009,31.56793102,0,0,1,0,0,0,1,1,0,0,0,0,0,0,1,0,0,0,0,0,0,0
07/07/2016,08:45,27H,25H,1.731971009,31.56793102,0,0,0,0,0,0,1,1,1,0,0,0,0,0,0,1,0,0,0,0,0,0
08/07/2016,09:00,27H,25H,1.731971009,31.56793102,0,0,1,1,0,0,0,0,1,0,0,0,0,1,0,0,0,0,0,0,0,0
09/07/2016,07:45,27H,25H,1.731971009,31.56793102,0,0,0,0,0,0,0,0,0,0,0,0,0,1,0,0,0,0,0,0,0,0
10/07/2016,09:00,27F,25F,1.72952299,31.56782297,0,0,1,1,0,1,1,0,0,0,0,0,0,0,1,0,0,0,0,1,1,0
11/07/2016,09:30,170,150,1.723919017,31.55896598,0,1,0,0,0,0,1,0,0,0,0,0,0,0,1,0,0,1,1,0,1,0
12/07/2016,15:30,17P,15P,1.738765966,31.55887898,0,1,0,1,0,0,0,0,0,0,0,0,0,0,0,0,0,0,0,0,0,0
13/07/2016,09:00,27H,25H,1.731971009,31.56793102,0,0,0,0,0,0,0,0,0,0,0,0,0,0,0,0,0,0,0,0,0,0
15/07/2016,09:00,25P,25P,1.739358986,31.56804199,0,0,0,1,0,0,0,0,0,0,0,0,0,0,1,1,0,0,0,1,0,0
16/07/2016,08:30,25P,25P,1.739358986,31.56804199,0,0,0,1,0,0,1,1,0,0,0,0,0,0,0,1,0,0,0,1,0,0
17/07/2016,07:15,25P,25P,1.739358986,31.56804199,0,0,1,0,0,0,0,0,0,0,0,0,0,0,0,0,0,0,0,0,0,0
18/07/2016,08:00,25P,25P,1.739358986,31.56804199,0,0,0,1,0,0,0,0,0,0,0,0,0,0,1,0,0,0,0,0,0,0
19/07/2016,08:45,25F,25F,1.72952299,31.56782297,0,0,0,1,0,0,1,1,1,0,0,0,0,0,1,0,0,0,0,1,0,0
20/07/2016,12:30,22B,20B,1.725783991,31.56343102,0,1,0,1,0,1,1,1,1,0,1,0,0,0,1,1,1,0,0,1,0,0
22/07/2016,10:45,17P,15P,1.738765966,31.55887898,0,0,0,0,0,0,0,0,0,1,0,0,0,0,0,0,0,0,0,0,0,0
23/07/2016,11:00,22H,20H,1.731942007,31.56338601,0,1,0,0,0,0,0,1,1,0,0,0,0,0,1,1,0,0,1,1,0,0
24/07/2016,08:30,17P,15P,1.738765966,31.55887898,0,0,0,0,0,0,0,1,1,0,0,0,0,0,1,1,0,0,0,0,0,0
01/08/2016,11:00,25T,25T,1.744286036,31.56784301,0,1,0,0,1,0,0,0,0,0,0,0,0,0,1,0,0,1,0,0,0,0
02/08/2016,07:15,30R,30R,1.740334975,31.57222398,0,0,1,1,0,1,0,0,0,0,0,0,0,0,1,0,0,0,0,0,0,0
03/08/2016,08:45,25R,25R,1.740493979,31.56802297,0,1,0,0,0,0,1,0,0,0,0,0,0,0,1,0,0,1,0,0,0,0
04/08/2016,08:00,30R,30R,1.740334975,31.57222398,0,0,0,0,0,1,0,0,0,0,0,0,0,0,0,0,1,0,0,0,0,0
05/08/2016,11:00,25R,25R,1.740493979,31.56802297,0,0,0,0,0,0,1,0,1,0,0,0,0,0,1,0,1,0,0,0,0,0
06/08/2016,08:00,25R,25R,1.740493979,31.56802297,0,0,0,0,0,0,0,0,0,0,0,0,0,0,0,0,0,0,0,0,0,0
07/08/2016,07:15,20L,20L,1.735033002,31.56350504,0,0,0,0,0,0,1,0,0,0,0,0,0,0,0,0,0,0,0,0,0,0
08/08/2016,08:15,25R,25R,1.740493979,31.56802297,0,0,0,0,0,0,0,0,0,0,0,1,0,0,0,0,0,1,0,0,0,1
09/08/2016,07:30,25R,25R,1.740493979,31.56802297,0,0,0,0,0,0,0,0,0,0,0,0,0,0,0,0,0,0,0,0,0,0
10/08/2016,08:00,25R,25R,1.740493979,31.56802297,0,0,0,0,0,0,0,0,0,0,0,0,0,0,0,0,0,0,0,0,0,0
12/08/2016,08:45,13J,10H,1.731179003,31.55409903,0,0,0,0,0,1,0,1,0,1,0,0,0,0,0,1,0,0,0,0,0,0
17/08/2016,07:00,21N,20N,1.736679962,31.56330002,0,0,0,0,0,1,0,1,0,0,0,0,0,0,0,0,0,0,0,1,1,0
23/08/2016,10:30,22J,20J,1.733401967,31.56338199,0,0,0,0,0,0,0,0,0,0,0,0,0,0,0,0,0,0,0,0,0,0
24/08/2016,11:00,32P,30P,1.739380024,31.57213404,0,0,0,0,0,0,0,0,0,0,0,0,1,0,0,0,0,0,0,0,0,0
27/08/2016,09:30,35R,35R,1.740344027,31.57725899,0,0,0,1,0,0,0,0,0,0,0,0,0,0,0,0,0,0,0,0,0,0
28/08/2016,07:45,30F,30F,1.729244962,31.57237401,0,0,0,0,0,1,0,0,0,0,0,0,0,0,0,0,0,0,0,1,0,0
29/08/2016,08:30,17F,15F,1.72976397,31.55887504,0,0,0,0,0,0,0,0,1,0,0,0,0,1,0,0,0,0,0,0,0,0
30/08/2016,07:30,17D,15D,1.727719037,31.55893103,0,0,0,0,0,0,0,0,0,0,0,0,0,0,0,0,0,0,0,0,0,0
31/08/2016,08:30,30R,30R,1.740334975,31.57222398,0,0,0,1,0,0,0,0,0,0,0,0,0,0,0,0,0,0,0,0,0,0
01/09/2016,08:00,30N,30N,1.737150019,31.57219699,0,0,0,0,0,0,1,0,0,0,0,0,0,0,1,0,0,0,0,0,0,0
02/09/2016,08:00,30P,30P,1.739380024,31.57213404,0,0,0,1,0,1,0,0,0,0,0,0,0,0,1,0,0,0,1,1,0,0
03/09/2016,08:00,32R,30R,1.740334975,31.57222398,0,0,0,0,0,1,0,1,0,0,0,0,0,0,0,0,0,0,0,0,1,0
05/09/2016,07:30,20F,20F,1.729677971,31.56344804,0,1,0,0,0,0,0,0,1,0,0,0,0,0,0,0,0,0,0,0,0,0
06/09/2016,07:00,20F,20F,1.729677971,31.56344804,0,0,0,0,0,0,0,0,0,0,0,0,0,0,1,0,0,0,0,0,1,0
07/09/2016,07:15,20F,20F,1.729677971,31.56344804,0,0,0,0,0,0,0,0,0,0,0,0,0,0,0,0,0,0,0,0,1,0
08/09/2016,07:15,20F,20F,1.729677971,31.56344804,0,1,1,1,0,1,0,1,0,0,0,1,0,0,1,0,0,0,0,1,0,0
09/09/2016,07:15,20F,20F,1.729677971,31.56344804,0,0,0,1,0,0,0,1,0,0,0,0,0,0,0,1,0,0,0,0,0,0
10/09/2016,07:30,20F,20F,1.729677971,31.56344804,0,1,0,1,0,0,1,0,0,0,0,0,0,0,0,0,0,0,0,0,1,0
14/09/2016,07:30,17D,15D,1.727719037,31.55893103,0,1,0,1,0,0,1,1,0,0,0,1,0,1,0,1,0,0,0,1,1,1
15/09/2016,08:00,254,254,1.719674673,31.56832773,0,0,0,1,1,0,0,1,0,0,0,0,0,0,1,0,0,0,1,1,0,0
16/09/2016,10:30,29F,25F,1.72952299,31.56782297,0,0,0,0,0,0,0,0,0,0,0,0,0,0,0,0,0,0,0,0,0,0
17/09/2016,08:30,220,20 0,1.724181036,31.56353001,0,1,0,1,1,0,0,0,0,0,0,0,0,1,1,1,0,0,1,1,1,0
18/09/2016,07:15,17F,15F,1.72976397,31.55887504,0,1,0,0,0,0,0,0,0,0,0,0,0,0,0,0,0,0,0,1,0,0
19/09/2016,07:00,17D,15D,1.727719037,31.55893103,0,0,0,0,0,0,0,0,0,0,1,0,0,0,0,0,0,0,0,0,0,0
21/09/2016,08:15,27D,25D,1.727356017,31.567857,0,1,0,1,1,1,1,1,0,1,0,0,0,0,1,0,1,0,0,1,1,0
26/09/2016,08:30,16F,15F,1.72976397,31.55887504,0,0,0,0,0,0,0,0,0,0,0,0,0,0,0,0,0,0,0,0,0,0
27/09/2016,10:45,30L,30L,1.735002995,31.57228701,0,1,0,1,1,1,1,1,1,0,0,1,0,1,0,1,0,0,0,1,0,0
01/10/2016,07:00,17F,15F,1.72976397,31.55887504,0,1,1,0,0,0,0,0,1,0,0,0,0,0,0,1,0,0,0,0,0,0
03/10/2016,08:15,20H,20H,1.731942007,31.56338601,0,1,0,1,0,0,0,1,0,0,0,0,0,0,1,0,0,0,0,0,0,0
04/10/2016,07:15,20N,20N,1.736679962,31.56330002,0,0,0,0,0,0,0,0,0,0,0,0,0,0,0,0,1,0,0,0,0,0
06/10/2016,08:00,25R,25R,1.740493979,31.56802297,0,0,0,0,0,0,0,0,0,0,0,0,0,0,0,0,0,0,0,0,0,0
07/10/2016,07:00,20N,20N,1.736679962,31.56330002,0,0,0,0,0,0,0,0,0,0,0,0,0,0,0,0,0,0,0,0,0,0
08/10/2016,07:00,20N,20N,1.736679962,31.56330002,0,0,0,0,0,0,0,0,0,0,0,0,0,0,0,0,0,0,0,0,0,0
17/10/2016,08:45,20R,20R,1.740444023,31.56336204,0,1,1,0,0,0,1,1,0,1,0,1,0,1,1,1,0,0,1,1,0,1
18/10/2016,09:00,30R,30R,1.740334975,31.57222398,0,0,0,1,1,0,0,1,0,0,0,0,0,0,1,0,0,1,0,0,0,0
19/10/2016,06:45,35R,35R,1.740344027,31.57725899,0,0,0,1,0,0,0,1,0,0,0,0,0,0,1,0,1,1,0,1,0,0
20/10/2016,08:15,35R,35R,1.740344027,31.57725899,0,0,0,0,0,0,0,1,0,0,0,0,0,1,0,0,0,0,1,0,0,0
14/11/2016,09:00,25V,25V,1.746960031,31.56784502,0,0,0,0,1,0,0,0,1,0,0,0,0,0,0,1,0,1,0,0,0,0
15/11/2016,08:00,220,20 0,1.724181036,31.56353001,0,0,0,0,0,0,1,0,0,0,1,0,1,0,0,0,0,0,0,0,0,0
17/11/2016,07:00,17D,15D,1.727719037,31.55893103,0,0,0,0,0,0,0,0,0,0,1,0,0,1,0,0,0,0,0,0,0,0
18/11/2016,07:30,25T,25T,1.744286036,31.56784301,0,0,0,0,0,0,0,0,0,0,0,0,0,0,0,0,0,0,0,0,0,0
19/11/2016,06:45,20F,20F,1.729677971,31.56344804,0,0,1,1,0,0,0,0,0,0,0,0,0,0,0,0,0,0,0,1,0,0
20/11/2016,07:00,202,202,1.722116992,31.56363001,0,1,1,1,0,1,1,1,1,0,1,0,0,0,1,1,0,0,1,0,0,1
21/11/2016,07:00,204,204,1.719719013,31.56370402,0,1,0,0,0,0,1,0,0,0,0,0,0,0,1,1,0,1,0,0,0,1
22/11/2016,08:00,17F,15F,1.72976397,31.55887504,1,0,0,0,0,0,0,0,0,1,0,0,0,1,0,0,0,0,0,0,0,0
23/11/2016,08:00,21H,20H,1.731942007,31.56338601,0,0,0,0,0,0,0,0,0,1,0,0,0,0,0,0,0,0,0,0,0,0
24/11/2016,07:30,22B,20B,1.725783991,31.56343102,0,0,0,1,0,0,0,0,0,1,0,1,0,0,0,1,0,1,0,0,0,0
25/11/2016,06:45,17D,15D,1.727719037,31.55893103,0,0,0,0,0,0,0,0,0,0,0,0,1,0,0,0,0,0,0,0,0,0
26/11/2016,06:30,17B,15B,1.725589028,31.55888996,0,0,0,0,0,0,0,0,0,0,1,0,0,0,0,0,0,0,0,0,0,0
27/11/2016,08:15,22B,20B,1.725783991,31.56343102,0,0,0,0,0,0,1,0,1,0,0,0,0,0,0,1,0,0,0,0,0,0
28/11/2016,07:45,17F,15F,1.72976397,31.55887504,0,0,0,0,0,0,1,0,0,0,0,0,0,0,0,0,0,0,0,0,0,0
29/11/2016,07:00,13N,10N,1.736824047,31.55441293,0,1,0,1,0,0,1,1,1,1,0,0,0,0,1,0,0,0,1,0,0,0
30/11/2016,07:15,13L,10L,1.734331017,31.55417497,0,0,0,0,0,0,0,0,0,0,0,0,0,1,0,0,0,0,1,0,0,0
01/12/2016,07:00,13L,10L,1.734331017,31.55417497,0,1,0,1,0,0,1,1,1,1,0,0,0,0,1,0,0,0,1,0,0,0
02/12/2016,07:00,17D,15D,1.727719037,31.55893103,0,0,0,0,0,0,0,0,0,0,0,0,0,0,0,0,0,0,0,0,0,0
03/12/2016,08:00,17D,15D,1.727719037,31.55893103,0,0,0,0,0,0,0,0,0,0,0,0,0,0,0,0,0,0,0,0,0,0
04/12/2016,07:00,17D,15D,1.727719037,31.55893103,0,0,0,0,0,0,0,0,0,0,1,0,0,0,0,0,0,0,1,0,0,0
05/12/2016,06:45,17D,15D,1.727719037,31.55893103,0,0,0,0,0,0,0,0,0,0,0,0,0,1,1,1,0,0,0,0,0,0
06/12/2016,07:00,15R,15R,1.740442012,31.55883799,0,0,0,1,0,1,1,1,0,1,0,0,0,0,1,1,0,0,0,1,0,0
07/12/2016,07:00,17R,15R,1.740442012,31.55883799,0,0,0,0,0,0,0,0,1,0,0,0,0,0,0,1,0,0,0,0,0,0
08/12/2016,07:15,25F,25F,1.72952299,31.56782297,0,0,0,0,0,0,0,0,0,0,0,0,0,0,0,0,0,0,0,0,0,0
10/12/2016,07:30,17H,15H,1.731914012,31.55885903,0,1,0,0,0,0,0,0,0,0,0,0,0,0,0,0,0,0,0,0,0,0
11/12/2016,08:45,25L,25L,1.735076001,31.56786497,0,0,0,1,0,0,0,1,0,0,0,1,0,0,1,0,0,0,1,1,0,0
13/12/2016,07:00,13N,10N,1.736824047,31.55441293,0,1,0,1,0,0,1,1,1,0,0,0,0,0,1,1,0,0,0,1,0,0
14/12/2016,07:15,10H,10H,1.731179003,31.55409903,1,0,0,1,1,0,1,1,0,1,0,0,1,0,1,0,0,1,0,0,0,0
15/12/2016,07:30,13N,10N,1.736824047,31.55441293,1,0,0,0,0,0,0,0,1,0,0,0,0,0,0,1,0,0,1,0,0,0
16/12/2016,07:30,10H,10H,1.731179003,31.55409903,0,0,0,0,0,0,0,1,0,1,0,0,0,1,1,0,0,0,1,1,0,0
17/12/2016,07:00,13N,10N,1.736824047,31.55441293,0,1,0,1,1,0,0,0,1,1,0,0,0,0,1,1,0,0,0,1,0,0
18/12/2016,07:15,10H,10H,1.731179003,31.55409903,0,0,0,0,0,0,0,0,0,0,0,0,0,1,0,0,0,0,0,0,0,0
19/12/2016,06:30,13N,10N,1.736824047,31.55441293,0,1,0,0,0,0,0,0,1,0,0,0,0,0,0,1,0,0,0,0,0,0
20/12/2016,07:15,13N,10N,1.736824047,31.55441293,0,1,0,0,0,0,0,1,1,1,0,0,1,0,0,0,0,0,1,0,0,0
21/12/2016,07:30,13N,10N,1.736824047,31.55441293,0,1,0,1,0,1,0,1,1,1,0,0,1,0,1,1,1,0,1,0,0,0
22/12/2016,07:45,13N,10N,1.736824047,31.55441293,1,1,0,0,0,0,0,0,1,1,0,0,0,0,0,1,0,0,1,0,0,0
28/12/2016,13:45,27H,25H,1.731971009,31.56793102,0,0,0,0,0,0,0,0,0,0,0,0,0,0,0,0,0,0,0,1,0,0
29/12/2016,07:45,27N,25N,1.736929994,31.56783496,0,0,0,1,0,1,0,1,0,0,0,0,0,0,0,0,0,0,1,0,0,0
03/01/2017,07:00,30F,30F,1.729244962,31.57237401,0,0,0,0,0,1,0,1,1,0,0,0,0,0,1,1,0,0,0,1,0,0
05/01/2017,09:00,21D,20D,1.727420976,31.563369,0,0,0,0,0,0,0,0,0,0,0,0,0,0,0,0,0,0,0,0,0,0
06/01/2017,07:30,17B,15B,1.725589028,31.55888996,0,1,0,0,0,0,1,0,0,0,0,0,0,0,0,1,0,0,1,0,0,0
07/01/2017,08:00,25D,25D,1.727356017,31.567857,1,0,0,0,1,0,1,0,0,0,0,0,0,0,1,0,0,0,0,0,0,0
08/01/2017,08:00,25D,25D,1.727356017,31.567857,0,0,0,0,0,0,0,0,0,0,0,0,0,0,0,0,0,0,0,0,0,0
09/01/2017,07:15,25D,25D,1.727356017,31.567857,0,0,0,0,0,0,1,0,0,1,0,0,0,1,1,0,1,0,0,0,1,0
10/01/2017,08:15,27F,25F,1.72952299,31.56782297,0,0,0,0,0,0,0,0,0,0,0,0,1,0,1,0,0,0,0,0,1,0
11/01/2017,07:30,25D,25D,1.727356017,31.567857,0,0,0,0,0,0,1,0,0,0,0,0,0,0,1,1,0,0,1,0,0,0
12/01/2017,07:30,27L,25L,1.735076001,31.56786497,0,0,0,0,0,0,1,0,0,0,0,0,0,0,1,1,0,0,0,0,1,0
13/01/2017,07:00,27L,25L,1.735076001,31.56786497,0,0,0,0,0,0,1,1,0,0,0,0,0,0,0,1,0,0,0,0,1,0
14/01/2017,07:30,25D,25D,1.727356017,31.567857,0,1,0,0,0,0,1,0,0,0,0,1,0,0,1,1,0,0,0,0,1,0
15/01/2017,07:45,25R,25R,1.740493979,31.56802297,0,0,0,1,0,0,0,0,0,0,0,0,1,0,0,0,0,0,0,1,0,0
16/01/2017,07:45,30R,30R,1.740334975,31.57222398,0,0,0,1,0,0,0,1,0,0,0,0,0,0,0,0,0,0,0,1,0,0
18/01/2017,08:00,35R,35R,1.740344027,31.57725899,0,0,0,1,0,0,0,0,0,0,0,0,0,0,0,0,0,0,0,1,0,0
19/01/2017,07:30,37D,35D,1.727491971,31.57734498,0,0,0,1,0,0,0,0,0,0,0,0,0,0,0,0,0,0,0,1,0,0
20/01/2017,07:45,27P,25P,1.739358986,31.56804199,0,0,0,1,0,0,0,0,0,0,0,0,0,1,0,0,0,0,0,0,0,0
21/01/2017,08:00,30R,30R,1.740334975,31.57222398,0,0,0,1,0,0,0,0,0,0,0,0,0,0,0,0,0,0,0,1,0,0
22/01/2017,07:45,32R,30R,1.740334975,31.57222398,0,0,0,0,0,0,0,0,0,0,0,0,0,0,0,0,0,0,0,0,0,0
23/01/2017,08:00,270,250,1.720032999,31.54681097,0,1,0,0,0,0,1,0,0,0,0,1,0,0,0,0,0,1,0,0,0,0
24/01/2017,09:15,37H,35H,1.732096989,31.57712697,0,0,0,0,0,0,0,0,0,0,0,1,0,0,0,0,0,0,0,1,0,0
25/01/2017,07:30,25R,25R,1.740493979,31.56802297,0,0,0,0,0,0,0,0,0,0,0,0,0,0,0,0,0,0,1,0,0,0
27/01/2017,08:45,32N,30N,1.737150019,31.57219699,0,0,0,1,1,0,0,0,0,0,0,0,0,0,0,0,0,0,0,0,0,0
28/01/2017,07:30,32N,30N,1.737150019,31.57219699,0,0,0,1,1,0,0,0,0,0,0,0,0,0,0,1,0,0,0,0,0,0
29/01/2017,07:30,32D,30D,1.727519967,31.57217402,0,0,0,0,0,0,0,0,0,0,0,1,0,1,0,0,0,0,0,0,0,1
12/02/2017,07:45,30J,30J,1.733300965,31.57212901,0,0,0,0,0,0,0,0,1,0,0,0,0,0,1,1,0,0,0,0,0,0
27/02/2017,08:15,25B,25B,1.725720959,31.56794501,0,1,0,1,0,0,0,1,0,0,0,1,0,0,1,1,0,0,0,1,1,0
28/02/2017,07:45,35J,35J,1.733449996,31.57691499,0,0,0,1,0,0,1,1,1,0,0,1,0,0,1,1,1,1,0,0,0,1
01/03/2017,07:00,17B,15B,1.725589028,31.55888996,0,0,0,0,0,1,0,0,0,1,0,0,0,0,0,0,0,0,0,0,0,0
02/03/2017,07:30,35J,35J,1.733449996,31.57691499,1,1,1,1,0,1,1,1,1,1,0,1,1,0,1,1,0,1,1,1,0,1
03/03/2017,10:30,154,154,1.719761007,31.55904503,1,0,0,1,0,0,1,0,0,0,0,0,0,0,0,0,0,1,0,0,0,1
04/03/2017,07:30,25B,25B,1.725720959,31.56794501,0,0,0,0,0,0,0,0,0,0,0,0,1,0,0,0,0,0,0,0,0,0
05/03/2017,09:30,22B,20B,1.725783991,31.56343102,0,1,0,0,0,0,0,0,1,1,0,0,0,0,0,0,0,0,0,0,0,0
06/03/2017,07:30,32B,30B,1.72577301,31.57226304,0,1,0,0,0,0,0,0,0,0,0,0,1,0,0,0,0,0,0,0,0,1
07/03/2017,09:00,22F,20F,1.729677971,31.56344804,0,0,0,0,0,0,0,0,1,0,0,0,0,0,1,0,0,0,0,0,0,0
09/03/2017,07:30,30F,30F,1.729244962,31.57237401,1,0,1,1,0,1,0,0,0,0,0,0,0,0,1,0,0,0,0,1,0,1
11/03/2017,07:00,32B,30B,1.72577301,31.57226304,0,1,0,0,0,0,1,0,1,0,0,1,1,0,1,1,0,0,0,0,0,0
12/03/2017,07:30,32L,30L,1.735002995,31.57228701,0,0,0,0,0,0,1,1,0,0,0,0,1,1,1,0,0,0,0,0,0,0
13/03/2017,07:45,27D,25D,1.727356017,31.567857,0,0,0,0,0,0,0,0,0,0,0,0,0,0,1,1,0,0,0,0,0,0
14/03/2017,07:15,30L,30L,1.735002995,31.57228701,0,0,0,1,0,0,1,0,0,0,0,0,0,0,0,0,0,0,0,0,0,0
15/03/2017,08:30,32L,30L,1.735002995,31.57228701,1,0,0,1,0,0,0,0,0,1,0,1,0,0,0,0,0,0,0,0,0,0
16/03/2017,07:30,32J,30J,1.733300965,31.57212901,0,1,0,0,0,0,1,0,1,0,0,0,0,0,1,1,1,1,0,0,1,0
17/03/2017,08:30,32L,30L,1.735002995,31.57228701,0,0,0,0,0,0,1,0,0,0,0,0,0,0,0,0,0,0,0,0,0,0
18/03/2017,07:15,32J,30J,1.733300965,31.57212901,0,1,0,0,0,0,1,0,0,0,0,0,1,0,1,0,0,0,0,0,1,0
21/03/2017,08:00,35P,35P,1.738795973,31.57720702,0,0,0,1,0,0,1,0,0,0,0,0,0,0,0,0,0,0,1,1,0,0
22/03/2017,08:30,37L,35L,1.735000983,31.57721599,0,0,0,0,0,0,0,0,1,0,0,0,0,0,0,0,0,0,0,0,0,1
23/03/2017,07:30,37J,35J,1.733449996,31.57691499,0,0,0,1,0,0,0,0,1,1,0,1,0,0,0,1,1,0,0,1,0,0
26/03/2017,08:00,32L,30L,1.735002995,31.57228701,0,1,0,0,0,0,1,0,0,0,0,0,0,0,0,0,0,0,0,0,1,0
27/03/2017,08:45,32H,30H,1.731982995,31.57225801,0,1,0,1,0,0,0,0,1,0,0,0,1,0,0,0,0,0,0,0,0,0
28/03/2017,08:15,172,152,1.72208799,31.558983,0,0,0,0,0,0,0,0,0,0,0,1,0,0,0,0,0,1,0,0,0,1
29/03/2017,07:30,10D,10D,1.728045009,31.55418403,0,1,0,1,0,0,1,1,0,0,0,0,0,0,0,0,0,0,0,0,0,0
30/03/2017,07:45,302,302,1.721977433,31.57211677,1,0,0,0,0,0,0,1,0,0,0,0,0,0,0,0,0,0,0,1,0,0
31/03/2017,07:45,154,154,1.719761007,31.55904503,0,0,0,0,0,0,0,0,0,0,0,0,0,0,0,0,0,0,0,0,0,0
01/04/2017,06:45,20 0,20 0,1.724181036,31.56353001,0,0,0,0,1,0,0,0,1,1,0,0,0,0,0,0,0,0,1,0,0,0
02/04/2017,07:00,15L,15L,1.735025961,31.55892701,0,0,0,1,1,1,0,1,1,0,1,1,0,0,0,1,1,0,0,1,0,0
03/04/2017,07:30,15P,15P,1.738765966,31.55887898,0,0,0,1,0,0,0,0,1,0,0,0,0,0,0,0,0,0,0,0,1,0
04/04/2017,07:00,162,152,1.72208799,31.558983,0,0,0,0,0,0,0,0,0,0,0,0,0,0,0,0,0,0,0,0,0,0
05/04/2017,07:00,10B,10B,1.726113986,31.55419802,0,0,0,1,0,0,1,0,0,0,0,0,0,0,0,0,0,0,0,1,0,0
06/04/2017,08:00,222,202,1.722116992,31.56363001,0,0,0,1,0,0,0,0,0,0,0,0,0,0,0,0,0,0,0,0,0,0
07/04/2017,07:15,8D,5D,1.728261011,31.54975897,0,0,0,1,1,1,0,1,1,1,0,0,1,0,1,0,1,0,1,0,1,0
08/04/2017,08:30,204,204,1.719719013,31.56370402,0,0,0,0,0,0,0,0,0,0,0,0,0,0,0,0,0,0,0,0,0,1
09/04/2017,07:00,20 0,20 0,1.724181036,31.56353001,0,0,0,1,0,0,0,0,1,0,1,0,1,1,1,0,0,1,1,0,0,0
10/04/2017,07:00,100,100,1.724095959,31.55444898,0,0,0,0,0,0,0,0,0,0,0,1,1,1,0,0,0,1,1,0,0,0
11/04/2017,07:00,20 0,20 0,1.724181036,31.56353001,0,1,0,0,0,0,1,0,0,0,1,0,0,0,0,0,0,0,0,0,0,0
12/04/2017,11:30,222,202,1.722116992,31.56363001,0,1,0,0,0,0,0,1,1,0,0,1,0,1,1,0,0,0,1,0,1,0
13/04/2017,07:00,110,100,1.724095959,31.55444898,0,0,0,1,0,0,1,0,0,0,0,1,0,0,0,0,0,0,1,1,1,1
14/04/2017,07:45,22P,20P,1.739070984,31.56355499,0,0,0,1,1,0,1,0,1,0,0,0,0,0,1,0,0,1,0,0,1,0
15/04/2017,08:00,254,254,1.719674673,31.56832773,0,0,0,0,0,0,1,1,0,0,0,0,0,0,1,0,0,0,0,0,0,1
18/04/2017,08:00,10H,10H,1.731179003,31.55409903,0,1,0,0,0,0,0,1,1,0,0,0,0,0,1,1,0,0,1,0,0,0
19/04/2017,07:45,220,20 0,1.724181036,31.56353001,0,0,0,1,0,0,0,0,1,0,0,0,0,0,0,0,0,0,0,0,1,0
21/04/2017,08:15,20R,20R,1.740444023,31.56336204,0,0,0,1,0,0,0,0,1,0,0,1,0,0,1,0,0,0,1,1,0,0
24/04/2017,07:00,29F,25F,1.72952299,31.56782297,0,1,0,0,0,0,1,0,1,0,0,0,0,0,0,1,0,0,0,1,1,0
26/04/2017,09:00,9G,5F,1.730185999,31.54985997,0,1,0,1,0,0,0,0,1,0,0,1,0,0,1,0,1,1,1,1,1,0
27/04/2017,11:00,10G,10F,1.729655005,31.55426902,0,1,1,0,1,1,1,1,1,0,0,1,1,0,1,1,1,1,1,1,1,1
28/04/2017,07:15,17D,15D,1.727719037,31.55893103,0,0,0,1,0,0,0,0,0,0,0,1,1,0,1,0,0,0,0,0,0,0
30/04/2017,08:30,15P,15P,1.738765966,31.55887898,0,0,0,0,0,0,0,0,1,0,0,0,0,0,0,0,0,0,0,0,1,0
02/05/2017,07:15,16J,15J,1.733443039,31.55888996,0,0,0,0,0,0,0,0,0,0,0,0,0,0,0,0,0,0,0,0,1,0
03/05/2017,07:15,15R,15R,1.740442012,31.55883799,0,0,0,1,0,0,0,0,0,0,0,1,0,0,0,0,0,0,0,0,0,0
04/05/2017,07:15,10N,10N,1.736824047,31.55441293,0,0,1,1,0,1,0,0,1,0,0,1,0,1,1,1,0,0,1,0,0,0
05/05/2017,08:00,20R,20R,1.740444023,31.56336204,0,0,0,1,1,1,0,0,1,0,0,1,0,0,0,1,0,0,0,0,0,0
06/05/2017,07:30,32N,30N,1.737150019,31.57219699,0,1,0,1,0,0,0,0,0,0,0,0,0,0,0,0,0,0,0,0,0,0
07/05/2017,12:00,15R,15R,1.740442012,31.55883799,0,0,1,0,0,1,0,0,1,0,0,0,1,0,1,0,0,0,0,0,0,0
08/05/2017,07:45,32N,30N,1.737150019,31.57219699,0,1,1,1,0,0,0,0,0,0,0,1,0,0,0,0,0,0,0,1,0,1
09/05/2017,07:15,13N,10N,1.736824047,31.55441293,0,1,1,0,1,1,0,0,1,1,0,1,1,0,1,1,1,1,1,1,1,1
10/05/2017,07:45,32N,30N,1.737150019,31.57219699,0,0,0,1,1,0,0,0,0,1,0,1,0,0,1,0,0,0,0,0,0,1
11/05/2017,07:30,32N,30N,1.737150019,31.57219699,0,0,0,0,0,0,1,0,0,0,0,0,0,0,0,0,0,0,1,0,0,0
12/05/2017,07:15,32N,30N,1.737150019,31.57219699,0,0,1,1,0,0,0,0,0,0,0,1,0,0,0,0,0,0,0,1,0,0
13/05/2017,10:00,35N,35N,1.737316987,31.57718296,0,1,1,1,1,0,1,1,1,1,0,1,1,1,1,0,0,0,1,1,1,0
14/05/2017,07:45,35N,35N,1.737316987,31.57718296,0,0,0,0,0,0,0,0,0,0,0,0,0,0,0,0,0,0,0,0,0,0
15/05/2017,07:15,32P,30P,1.739380024,31.57213404,0,0,0,0,0,0,0,0,0,0,0,0,0,0,0,1,0,0,0,0,0,0
16/05/2017,07:15,32N,30N,1.737150019,31.57219699,0,0,0,0,0,0,0,0,0,0,0,0,0,0,0,0,0,0,0,0,0,0
17/05/2017,08:45,17R,15R,1.740442012,31.55883799,0,0,0,1,0,0,0,0,0,0,0,0,0,0,0,0,0,0,0,1,0,0
18/05/2017,08:15,32N,30N,1.737150019,31.57219699,0,0,0,0,1,0,0,0,1,0,0,0,0,0,0,0,0,0,0,0,0,0
19/05/2017,07:15,32N,30N,1.737150019,31.57219699,1,1,0,0,0,0,0,0,0,0,0,0,1,0,0,0,0,0,0,0,0,1
20/05/2017,07:30,32N,30N,1.737150019,31.57219699,0,0,0,0,0,0,1,1,0,0,0,0,0,0,1,0,0,0,0,0,0,0
21/05/2017,08:00,35N,35N,1.737316987,31.57718296,0,0,0,0,0,0,0,0,0,0,0,0,0,0,0,0,0,0,0,0,0,0
22/05/2017,07:45,32P,30P,1.739380024,31.57213404,0,0,0,0,0,0,0,0,0,0,0,0,0,0,0,0,0,0,0,0,0,0
23/05/2017,07:45,10R,10R,1.740615517,31.55405478,1,0,0,1,0,0,0,1,0,0,0,0,0,1,0,0,0,0,1,0,1,0
24/05/2017,09:00,35R,35R,1.740344027,31.57725899,0,0,0,1,0,0,1,1,0,0,0,0,0,1,0,0,0,1,0,1,0,0
25/05/2017,08:45,30R,30R,1.740334975,31.57222398,0,0,0,0,0,0,0,0,0,0,0,0,1,0,0,0,0,1,1,0,0,1
26/05/2017,07:45,32P,30P,1.739380024,31.57213404,0,1,0,1,0,0,0,1,0,0,0,0,0,0,0,0,0,0,0,1,0,0
27/05/2017,08:15,25R,25R,1.740493979,31.56802297,0,0,0,0,0,1,0,1,0,0,0,0,0,0,0,1,0,0,0,0,0,0
28/05/2017,08:45,27B,25B,1.725720959,31.56794501,0,0,0,1,0,0,1,1,0,0,0,0,0,0,0,0,0,0,0,0,0,0
30/05/2017,09:15,32N,30N,1.737150019,31.57219699,0,0,0,0,0,1,0,1,0,0,0,0,0,0,0,0,0,0,0,0,0,0
31/05/2017,07:15,30H,30H,1.731982995,31.57225801,0,0,0,0,0,0,1,0,0,0,0,0,1,0,0,0,0,0,0,0,0,0
01/06/2017,08:15,10L,10L,1.734331017,31.55417497,0,0,0,1,0,0,1,0,1,0,0,0,0,0,1,0,1,0,1,1,0,0
02/06/2017,09:00,17N,15N,1.736797979,31.55892801,0,0,0,0,0,0,0,1,0,0,0,0,0,0,0,1,0,0,0,0,1,0
04/06/2017,07:45,27J,25J,1.733472962,31.567842,0,0,0,0,0,0,1,0,0,1,0,0,0,0,0,0,0,0,0,0,0,0
05/06/2017,07:45,22D,20D,1.727420976,31.563369,0,0,0,0,0,0,0,1,0,0,0,0,0,0,0,0,1,0,0,0,0,0
06/06/2017,07:45,37J,35J,1.733449996,31.57691499,0,1,0,1,0,1,0,0,1,0,0,0,0,0,0,0,0,0,0,1,0,0
08/06/2017,10:30,17L,15L,1.735025961,31.55892701,0,1,0,1,0,0,1,1,1,0,0,1,0,0,1,1,0,0,0,1,1,0
09/06/2017,07:30,252,252,1.722061001,31.56823704,1,1,0,1,1,0,0,1,1,1,0,1,0,1,1,1,0,1,0,1,1,0
10/06/2017,07:15,25D,25D,1.727356017,31.567857,0,1,1,1,0,0,0,1,1,0,0,1,0,1,1,1,0,0,1,1,1,0
12/06/2017,07:45,35N,35N,1.737316987,31.57718296,0,0,0,1,0,1,0,1,0,0,0,0,0,1,0,1,0,0,0,0,0,0
13/06/2017,13:45,37D,35D,1.727491971,31.57734498,0,1,1,1,0,1,0,1,1,0,0,0,0,1,1,1,0,1,0,1,0,1
14/06/2017,07:30,35N,35N,1.737316987,31.57718296,0,1,1,1,0,1,1,1,1,1,0,1,0,1,1,0,0,1,1,1,0,1
15/06/2017,07:30,15R,15R,1.740442012,31.55883799,0,1,0,1,0,0,0,1,1,1,0,1,0,1,1,1,0,1,1,1,1,1
16/06/2017,08:30,10H,10H,1.731179003,31.55409903,0,1,0,1,0,0,0,1,1,0,0,1,0,0,1,1,1,1,1,1,1,1
18/06/2017,10:00,354,354,1.719729993,31.57732503,0,1,1,1,0,1,0,1,1,0,0,1,0,1,1,1,1,1,1,1,1,1
19/06/2017,10:00,22B,20B,1.725783991,31.56343102,0,0,1,0,0,1,0,1,0,0,1,0,0,0,1,1,1,1,1,0,0,0
20/06/2017,12:15,12B,10B,1.726113986,31.55419802,0,1,1,1,0,1,0,1,1,0,0,1,0,0,1,1,1,1,1,1,1,0
21/06/2017,08:30,156,156,1.718171965,31.55910697,0,1,0,1,0,1,1,1,1,0,0,1,1,0,0,0,0,1,0,1,1,1
22/06/2017,07:30,154,154,1.719761007,31.55904503,0,1,0,0,0,1,0,0,0,0,0,0,0,1,0,0,0,1,0,0,1,1
23/06/2017,07:30,30F,30F,1.729244962,31.57237401,0,0,0,0,0,0,1,1,0,0,0,0,0,0,0,0,0,0,0,1,1,0
24/06/2017,07:30,210,20 0,1.724181036,31.56353001,0,0,0,0,0,0,0,0,1,0,0,0,0,0,0,0,0,0,0,0,0,0
25/06/2017,07:45,30B,30B,1.72577301,31.57226304,1,0,0,0,0,0,0,0,0,0,0,0,0,0,1,0,0,0,0,0,0,0
26/06/2017,08:15,15J,15J,1.733443039,31.55888996,0,1,0,1,0,0,0,0,1,0,0,0,0,0,1,0,0,1,0,1,1,0
27/06/2017,07:00,154,154,1.719761007,31.55904503,0,0,0,1,0,0,0,0,0,0,0,1,0,0,0,0,0,0,0,1,0,1
28/06/2017,07:30,30B,30B,1.72577301,31.57226304,1,0,0,0,0,0,1,0,0,0,0,0,1,0,1,0,0,0,0,0,0,0
30/06/2017,08:30,37L,35L,1.735000983,31.57721599,0,1,1,1,0,1,0,0,1,0,0,1,1,0,1,0,0,1,0,1,1,1
03/07/2017,07:30,30J,30J,1.733300965,31.57212901,0,0,0,0,0,0,0,0,0,0,0,0,0,0,0,0,0,0,0,0,0,0
04/07/2017,08:30,35J,35J,1.733449996,31.57691499,1,1,1,1,0,0,0,0,1,1,0,0,0,0,1,1,0,1,0,1,0,0
06/07/2017,08:00,154,154,1.719761007,31.55904503,0,0,0,1,0,0,0,1,1,0,0,0,1,0,1,0,0,1,1,1,0,0
07/07/2017,08:30,30B,30B,1.72577301,31.57226304,0,1,0,1,0,0,0,0,0,1,0,1,0,0,0,0,0,0,1,0,1,0
08/07/2017,07:45,170,150,1.723919017,31.55896598,0,1,0,0,0,0,0,0,0,0,0,0,1,1,1,1,0,0,0,0,0,0
09/07/2017,08:00,30B,30B,1.72577301,31.57226304,1,1,0,1,0,0,1,1,0,1,0,0,0,0,1,0,0,0,1,1,0,0
10/07/2017,07:30,172,152,1.72208799,31.558983,0,0,0,1,0,0,0,0,0,0,0,0,0,1,1,1,0,0,0,0,0,0
11/07/2017,11:00,22D,20D,1.727420976,31.563369,0,0,0,1,0,0,0,0,0,0,0,1,0,0,0,0,0,0,0,0,0,0
12/07/2017,09:00,250,250,1.720032999,31.54681097,0,0,0,0,0,0,0,0,1,0,0,0,0,0,1,0,0,0,0,0,0,0
13/07/2017,08:30,27H,25H,1.731971009,31.56793102,0,0,0,0,0,1,1,1,0,0,0,0,0,0,0,0,0,0,0,0,0,0
14/07/2017,07:15,27H,25H,1.731971009,31.56793102,0,0,0,0,0,0,0,0,1,0,0,0,0,0,0,1,0,0,0,0,0,0
15/07/2017,08:30,32B,30B,1.72577301,31.57226304,0,0,1,1,0,1,0,0,1,0,0,1,0,0,1,1,0,1,1,1,0,0
16/07/2017,07:45,27H,25H,1.731971009,31.56793102,0,0,0,0,0,0,0,0,0,0,0,0,0,0,0,0,0,0,0,0,0,0
17/07/2017,07:15,27H,25H,1.731971009,31.56793102,0,0,0,0,0,0,0,0,1,0,0,0,0,1,0,1,0,0,0,1,0,0
19/07/2017,07:30,27H,25H,1.731971009,31.56793102,0,0,0,1,0,0,1,0,0,1,0,0,0,0,0,0,0,0,0,0,1,0
20/07/2017,11:45,30F,30F,1.729244962,31.57237401,0,0,0,0,0,0,0,0,0,0,0,0,0,0,1,0,0,0,0,0,0,0
24/07/2017,07:45,17P,15P,1.738765966,31.55887898,0,0,0,0,0,0,1,0,0,1,0,0,0,0,0,0,0,0,0,0,1,0
27/07/2017,08:45,250,250,1.720032999,31.54681097,0,1,0,0,0,0,0,0,0,0,0,0,0,0,0,0,0,0,0,0,0,0
28/07/2017,07:00,17F,15F,1.72976397,31.55887504,0,0,0,0,0,1,1,0,0,0,0,0,0,0,1,0,1,0,1,0,0,0
29/07/2017,07:30,17F,15F,1.72976397,31.55887504,0,0,0,0,0,0,0,0,0,0,0,0,0,0,0,0,0,0,0,0,0,0
30/07/2017,07:15,17F,15F,1.72976397,31.55887504,0,0,0,1,0,0,0,0,0,0,0,0,0,0,0,0,0,0,0,1,0,0
31/07/2017,10:00,17N,15N,1.736797979,31.55892801,0,0,0,0,1,0,1,0,1,0,0,0,0,0,1,1,0,0,0,0,0,0
01/08/2017,08:00,17N,15N,1.736797979,31.55892801,0,0,0,0,0,0,0,0,1,0,0,0,0,0,0,0,0,0,0,0,0,0
02/08/2017,07:15,17N,15N,1.736797979,31.55892801,0,0,0,0,0,0,0,0,0,0,0,0,0,0,0,0,0,0,0,0,0,0
03/08/2017,07:30,17F,15F,1.72976397,31.55887504,0,0,0,0,0,1,0,0,1,0,1,0,0,0,0,0,0,1,0,0,0,0
04/08/2017,07:30,17F,15F,1.72976397,31.55887504,0,0,0,0,0,0,0,0,1,1,0,0,0,1,0,0,0,0,1,0,0,0
05/08/2017,07:15,22B,20B,1.725783991,31.56343102,0,1,0,1,0,0,1,0,0,0,0,1,0,0,1,0,0,0,1,1,0,0
06/08/2017,08:45,22B,20B,1.725783991,31.56343102,0,0,1,0,0,0,0,0,0,0,0,0,0,0,0,0,0,0,0,0,1,0
07/08/2017,08:15,22D,20D,1.727420976,31.563369,0,0,0,1,0,0,0,0,0,0,0,0,1,0,0,0,0,0,0,1,1,0
08/08/2017,15:00,22D,20D,1.727420976,31.563369,0,0,0,0,0,0,0,0,0,0,0,0,0,0,0,0,0,0,0,1,0,0
09/08/2017,07:45,22B,20B,1.725783991,31.56343102,0,0,0,0,0,0,1,0,0,0,0,0,1,0,0,0,0,0,0,0,1,0
10/08/2017,08:00,22B,20B,1.725783991,31.56343102,0,1,0,0,0,0,1,1,1,0,0,0,0,0,1,1,0,1,0,0,1,0
11/08/2017,08:15,22D,20D,1.727420976,31.563369,0,0,0,0,0,1,0,0,0,0,0,0,0,0,0,0,0,0,0,0,0,0
12/08/2017,07:45,22D,20D,1.727420976,31.563369,0,0,0,0,0,0,1,0,0,0,0,0,0,0,1,0,0,0,0,0,1,0
13/08/2017,07:15,22D,20D,1.727420976,31.563369,0,0,0,0,0,0,0,0,0,0,0,0,0,0,0,0,0,0,0,0,0,0
14/08/2017,07:45,22B,20B,1.725783991,31.56343102,0,0,0,0,0,0,0,0,0,0,0,0,0,0,0,0,0,0,0,0,0,0
15/08/2017,07:45,27D,25D,1.727356017,31.567857,0,1,0,0,0,0,0,0,0,0,0,0,0,0,0,0,0,0,0,0,0,0
17/08/2017,08:00,22B,20B,1.725783991,31.56343102,0,0,0,0,1,1,0,0,0,0,0,0,0,0,0,0,1,0,0,0,0,0
18/08/2017,07:15,220,20 0,1.724181036,31.56353001,0,1,0,1,0,0,0,0,0,0,0,0,0,0,0,0,0,0,0,0,0,0
19/08/2017,07:15,22B,20B,1.725783991,31.56343102,0,0,0,0,0,0,0,0,0,0,0,0,0,0,0,0,0,0,0,0,0,0
20/08/2017,07:45,22B,20B,1.725783991,31.56343102,0,0,0,1,0,0,0,0,0,0,0,0,0,0,0,0,0,0,0,1,0,0
21/08/2017,07:30,22D,20D,1.727420976,31.563369,0,0,0,0,0,0,0,0,0,0,0,0,0,0,0,0,0,0,0,0,0,0
23/08/2017,08:00,22B,20B,1.725783991,31.56343102,0,0,0,0,0,0,0,0,1,0,0,0,0,0,0,1,0,0,1,0,0,0
24/08/2017,07:15,22B,20B,1.725783991,31.56343102,0,0,0,0,0,0,0,0,0,0,0,0,0,0,0,0,0,0,0,0,0,0
25/08/2017,07:30,300,300,1.724120015,31.57233302,0,1,0,1,0,0,0,0,0,0,0,0,0,0,0,0,0,0,0,1,0,0
26/08/2017,07:30,256,256,1.718485281,31.56856712,0,1,0,1,0,0,0,0,0,0,0,0,0,0,0,0,0,0,0,0,1,0
27/08/2017,07:30,22D,20D,1.727420976,31.563369,0,0,0,1,0,0,0,0,0,1,0,0,0,0,0,0,0,0,0,1,0,0
29/08/2017,08:45,270,250,1.720032999,31.54681097,0,0,0,0,0,0,0,0,0,0,0,0,0,0,0,1,0,0,0,1,0,0
30/08/2017,13:45,25F,25F,1.72952299,31.56782297,0,1,0,1,0,0,0,0,0,0,0,0,0,0,0,0,0,0,0,0,0,0
31/08/2017,07:45,25B,25B,1.725720959,31.56794501,0,1,0,1,0,0,0,0,0,0,0,0,0,0,1,0,0,0,0,0,0,0
02/09/2017,07:30,29B,25B,1.725720959,31.56794501,0,0,0,1,0,0,0,0,0,0,0,0,1,0,0,0,0,0,0,0,0,0
03/09/2017,07:45,25F,25F,1.72952299,31.56782297,0,0,0,0,0,0,0,0,0,0,0,0,0,0,0,0,0,1,0,0,0,0
04/09/2017,12:30,25D,25D,1.727356017,31.567857,0,0,0,1,0,0,0,0,0,0,0,0,0,0,0,0,0,0,0,0,0,0
05/09/2017,08:00,220,20 0,1.724181036,31.56353001,0,0,0,1,0,1,1,0,0,0,0,0,0,0,0,1,0,0,0,0,0,0
06/09/2017,09:00,32H,30H,1.731982995,31.57225801,0,0,0,1,0,0,0,0,0,0,0,0,0,0,1,0,0,0,1,0,1,0
07/09/2017,08:00,17F,15F,1.72976397,31.55887504,0,1,0,1,0,0,0,1,0,0,0,0,0,0,1,0,0,0,0,0,1,0
08/09/2017,08:00,22F,20F,1.729677971,31.56344804,0,0,0,1,0,0,0,0,0,0,0,0,0,0,0,1,0,0,0,1,0,0
09/09/2017,10:00,25B,25B,1.725720959,31.56794501,0,1,0,0,0,0,0,1,0,0,0,0,0,0,0,0,0,0,0,0,0,0
10/09/2017,08:00,17F,15F,1.72976397,31.55887504,0,0,0,1,0,0,0,0,0,0,0,0,0,0,0,0,0,0,0,1,0,0
11/09/2017,07:45,30F,30F,1.729244962,31.57237401,0,0,0,0,0,0,0,0,0,0,0,0,0,0,0,1,0,0,0,0,0,0
12/09/2017,07:00,22F,20F,1.729677971,31.56344804,0,1,0,1,0,0,1,0,0,0,0,0,0,0,0,0,0,0,0,0,0,0
14/09/2017,08:00,22F,20F,1.729677971,31.56344804,0,1,0,0,0,1,0,0,0,0,0,0,0,0,0,0,0,0,0,0,0,0
15/09/2017,07:45,22F,20F,1.729677971,31.56344804,0,0,0,1,0,1,0,0,0,0,0,0,0,0,0,0,0,0,0,1,0,0
16/09/2017,08:15,29B,25B,1.725720959,31.56794501,0,0,0,0,0,0,0,1,0,0,0,0,0,0,1,0,0,0,0,0,0,0
17/09/2017,07:45,22F,20F,1.729677971,31.56344804,0,0,0,0,0,0,0,0,0,0,0,0,0,1,0,0,0,0,0,0,0,0
18/09/2017,10:00,25H,25H,1.731971009,31.56793102,0,0,0,0,0,0,0,0,0,0,0,0,0,0,0,0,0,0,0,0,0,0
19/09/2017,10:15,25F,25F,1.72952299,31.56782297,0,0,0,0,0,0,0,0,0,0,0,0,0,0,0,0,0,0,0,0,0,0
20/09/2017,09:00,25F,25F,1.72952299,31.56782297,0,0,0,1,0,0,0,0,0,0,0,0,0,0,0,0,0,0,0,0,0,0
21/09/2017,09:30,27D,25D,1.727356017,31.567857,0,0,0,0,0,1,0,0,0,1,0,0,0,0,0,0,0,1,0,0,0,0
22/09/2017,08:45,30H,30H,1.731982995,31.57225801,0,0,0,0,0,0,0,1,0,0,0,0,0,0,0,0,0,0,0,0,0,0
23/09/2017,08:15,27D,25D,1.727356017,31.567857,0,0,0,0,0,0,0,0,0,0,0,0,0,0,0,0,0,0,0,0,0,0
24/09/2017,07:30,32L,30L,1.735002995,31.57228701,0,0,0,1,0,0,0,0,0,0,0,0,0,0,0,0,0,0,0,0,0,0
25/09/2017,08:15,25D,25D,1.727356017,31.567857,0,0,0,0,0,1,0,0,0,0,0,0,0,0,0,0,0,0,0,0,0,0
26/09/2017,07:00,220,20 0,1.724181036,31.56353001,0,0,0,0,0,0,1,0,0,0,0,0,0,0,0,0,0,0,1,0,0,0
27/09/2017,07:00,25D,25D,1.727356017,31.567857,0,0,0,0,0,0,0,0,0,0,0,0,0,0,0,0,0,0,0,0,0,0
28/09/2017,07:00,27F,25F,1.72952299,31.56782297,0,0,0,0,0,0,0,0,0,0,0,0,0,0,0,0,0,0,0,0,0,0
29/09/2017,08:00,30H,30H,1.731982995,31.57225801,0,0,0,0,0,0,1,0,0,0,0,0,0,0,0,0,0,0,0,0,0,0
30/09/2017,08:00,30R,30R,1.740334975,31.57222398,0,0,0,0,0,1,0,0,0,0,0,0,0,0,0,0,0,0,0,0,1,0
01/10/2017,07:00,25F,25F,1.72952299,31.56782297,0,0,0,0,0,0,1,0,0,0,0,0,0,0,0,1,0,0,0,0,0,0
03/10/2017,07:30,30F,30F,1.729244962,31.57237401,0,0,0,0,0,1,0,1,1,0,0,0,0,0,1,1,0,0,0,1,0,0
04/10/2017,08:00,29F,25F,1.72952299,31.56782297,0,0,1,0,0,1,0,0,0,1,0,0,0,1,0,0,0,0,0,0,1,0
05/10/2017,09:45,29F,25F,1.72952299,31.56782297,0,0,0,1,0,0,0,1,0,0,0,0,1,0,0,0,0,0,0,1,0,0
06/10/2017,07:45,30R,30R,1.740334975,31.57222398,0,0,0,0,0,0,0,0,0,0,0,0,0,0,0,0,0,0,0,0,0,0
07/10/2017,08:15,30P,30P,1.739380024,31.57213404,0,0,0,0,0,0,0,0,0,0,0,0,0,0,0,0,0,0,1,0,1,0
08/10/2017,08:15,20N,20N,1.736679962,31.56330002,0,0,0,0,0,0,0,1,0,0,0,0,0,0,0,0,0,0,0,0,1,0
10/10/2017,08:45,29F,25F,1.72952299,31.56782297,0,1,0,1,0,0,1,0,1,0,0,0,0,0,0,0,0,0,0,0,0,0
11/10/2017,07:45,32N,30N,1.737150019,31.57219699,0,0,0,1,1,0,0,0,0,1,0,0,1,0,1,0,0,0,0,0,0,0
12/10/2017,08:15,30N,30N,1.737150019,31.57219699,0,0,0,0,1,0,0,1,0,0,0,0,0,0,0,0,0,0,0,0,0,0
13/10/2017,07:30,30F,30F,1.729244962,31.57237401,0,0,0,1,0,0,0,0,0,0,0,0,0,0,0,0,0,0,0,0,1,0
14/10/2017,08:30,35P,35P,1.738795973,31.57720702,0,0,0,0,0,0,0,0,0,0,0,0,0,1,0,0,0,0,0,1,0,0
15/10/2017,08:00,32R,30R,1.740334975,31.57222398,0,1,0,1,0,1,0,1,0,0,0,0,1,1,1,0,0,0,1,1,0,0
16/10/2017,09:15,20N,20N,1.736679962,31.56330002,0,1,0,0,0,1,1,1,1,1,0,0,1,0,1,1,0,0,1,1,1,0
17/10/2017,07:30,29D,25D,1.727356017,31.567857,0,0,0,0,0,0,0,0,0,0,0,0,0,0,0,0,0,0,0,0,0,0
18/10/2017,08:00,30N,30N,1.737150019,31.57219699,0,0,0,0,0,0,0,0,1,0,0,1,0,0,0,0,0,0,0,1,0,0
19/10/2017,08:00,35R,35R,1.740344027,31.57725899,0,0,0,1,0,0,0,0,1,0,0,0,0,0,0,1,0,0,0,0,1,0
20/10/2017,08:45,32L,30L,1.735002995,31.57228701,0,0,0,0,0,0,0,0,1,0,0,0,0,0,0,0,0,0,0,0,0,0
21/10/2017,07:30,27D,25D,1.727356017,31.567857,0,1,0,1,0,1,1,1,1,0,0,0,1,0,1,1,0,0,0,1,0,0
22/10/2017,07:15,32N,30N,1.737150019,31.57219699,1,0,0,1,0,1,1,1,0,0,0,0,1,1,1,0,0,1,0,1,1,0
23/10/2017,08:15,27N,25N,1.736929994,31.56783496,0,0,0,0,0,0,0,0,0,0,0,0,0,0,0,0,0,0,0,0,0,0
25/10/2017,07:15,25F,25F,1.72952299,31.56782297,0,0,0,1,0,0,0,1,1,0,1,0,0,0,0,0,0,0,0,0,0,0
27/10/2017,09:00,30R,30R,1.740334975,31.57222398,0,0,0,1,0,1,1,1,0,0,1,1,0,1,1,1,1,1,1,0,1,0
29/10/2017,09:00,30R,30R,1.740334975,31.57222398,0,0,1,0,0,0,0,0,1,0,0,0,0,0,1,1,0,0,0,1,0,0
31/10/2017,08:45,22D,20D,1.727420976,31.563369,0,1,1,1,1,1,0,1,1,0,1,1,1,1,1,1,0,1,1,1,1,0
01/11/2017,07:00,13N,10N,1.736824047,31.55441293,0,0,0,0,0,0,0,0,0,0,0,0,0,0,0,0,0,0,0,0,0,0
02/11/2017,07:30,13N,10N,1.736824047,31.55441293,0,0,0,0,0,0,0,0,0,0,1,0,0,0,0,0,0,0,0,0,0,0
03/11/2017,07:30,13N,10N,1.736824047,31.55441293,0,0,0,0,0,0,0,0,1,0,0,0,0,0,0,0,0,0,0,0,1,0
05/11/2017,07:15,29F,25F,1.72952299,31.56782297,0,1,0,1,0,0,0,0,0,1,0,0,0,0,1,1,0,0,0,0,0,0
06/11/2017,08:15,25R,25R,1.740493979,31.56802297,0,0,1,0,0,0,0,0,1,0,0,0,0,0,1,1,0,0,0,0,0,0
08/11/2017,10:15,32R,30R,1.740334975,31.57222398,0,0,0,0,0,0,0,0,0,0,0,1,0,0,1,0,0,0,0,1,0,0
09/11/2017,07:30,30R,30R,1.740334975,31.57222398,0,0,0,0,0,0,0,1,0,1,0,0,0,0,0,1,0,1,1,0,1,0
10/11/2017,13:45,30R,30R,1.740334975,31.57222398,0,0,0,1,1,0,0,0,0,0,1,0,0,0,0,0,0,0,0,0,0,0
11/11/2017,07:45,35R,35R,1.740344027,31.57725899,0,0,0,0,0,0,0,1,0,0,0,0,0,0,0,0,0,1,0,0,0,0
12/11/2017,07:45,22D,20D,1.727420976,31.563369,0,0,1,0,1,0,1,0,0,0,0,0,0,0,0,0,0,0,0,0,1,1
13/11/2017,07:45,32R,30R,1.740334975,31.57222398,0,1,0,1,0,0,0,0,0,1,0,0,0,0,0,0,0,0,0,0,0,0
14/11/2017,08:15,32P,30P,1.739380024,31.57213404,0,0,0,0,0,0,1,0,0,0,0,0,0,0,0,1,0,0,0,0,0,0
15/11/2017,13:15,30R,30R,1.740334975,31.57222398,1,0,1,0,0,0,0,0,0,0,0,0,0,0,0,0,0,0,0,0,0,0
16/11/2017,08:30,32R,30R,1.740334975,31.57222398,0,1,0,0,0,0,1,0,1,1,0,0,0,0,1,1,0,0,0,0,1,0
17/11/2017,13:00,25V,25V,1.746960031,31.56784502,0,0,0,0,0,0,0,0,0,0,0,0,0,0,0,0,0,0,0,1,0,0
18/11/2017,08:15,30R,30R,1.740334975,31.57222398,0,0,0,0,0,1,0,0,0,0,0,0,0,0,0,0,0,0,0,0,0,0
19/11/2017,07:30,30R,30R,1.740334975,31.57222398,0,0,0,0,0,0,0,0,0,0,0,1,0,0,0,0,0,0,0,0,0,0
20/11/2017,08:00,32N,30N,1.737150019,31.57219699,0,1,0,1,0,0,1,1,0,0,0,0,0,0,1,0,0,0,1,1,0,0
21/11/2017,07:45,30R,30R,1.740334975,31.57222398,0,0,0,0,0,0,0,0,0,0,0,0,0,0,0,0,0,0,0,0,0,0
22/11/2017,08:00,32P,30P,1.739380024,31.57213404,0,0,0,0,0,0,0,0,0,1,0,0,0,0,1,0,0,0,0,1,0,0
23/11/2017,07:45,30R,30R,1.740334975,31.57222398,0,0,0,0,0,0,0,0,0,1,0,0,0,0,0,0,0,0,0,0,0,0
24/11/2017,11:30,37R,35R,1.740344027,31.57725899,0,0,0,1,0,0,0,0,1,0,0,1,0,0,0,0,0,0,0,0,0,0
25/11/2017,07:30,30R,30R,1.740334975,31.57222398,0,0,0,1,0,0,0,0,0,0,0,1,1,0,0,0,0,0,0,0,0,0
26/11/2017,08:15,30R,30R,1.740334975,31.57222398,0,1,1,0,0,1,0,1,0,1,0,0,0,0,0,0,0,0,0,0,0,0
27/11/2017,07:45,30R,30R,1.740334975,31.57222398,0,0,0,0,0,1,0,0,1,1,0,0,0,0,0,1,0,0,0,0,0,0
28/11/2017,08:00,30R,30R,1.740334975,31.57222398,0,0,0,0,1,1,0,0,1,1,0,0,0,0,0,0,0,1,1,1,0,0
29/11/2017,12:15,35L,35L,1.735000983,31.57721599,0,0,0,0,0,0,0,0,1,0,0,0,0,1,1,0,0,0,0,0,0,0
30/11/2017,07:00,29D,25D,1.727356017,31.567857,0,1,0,1,0,0,0,0,0,0,0,0,1,1,1,0,0,0,0,0,0,0
01/12/2017,08:00,30R,30R,1.740334975,31.57222398,0,1,0,0,0,0,0,0,0,0,0,0,0,0,0,0,0,0,0,0,0,0
02/12/2017,07:45,30J,30J,1.733300965,31.57212901,0,0,0,0,0,1,0,0,1,0,0,0,1,0,1,1,0,0,0,0,0,0
03/12/2017,07:30,37N,35N,1.737316987,31.57718296,0,0,0,0,0,0,0,0,0,0,0,0,0,0,0,0,0,0,0,0,0,0
04/12/2017,08:30,35R,35R,1.740344027,31.57725899,1,1,0,0,0,1,0,1,0,0,0,0,1,0,0,0,0,0,0,0,0,0
05/12/2017,07:30,30R,30R,1.740334975,31.57222398,0,0,0,1,0,0,0,0,0,1,0,0,0,0,0,0,0,0,0,0,0,0
06/12/2017,07:45,35R,35R,1.740344027,31.57725899,0,1,1,0,0,0,0,0,0,1,0,0,0,0,0,0,0,0,1,0,0,0
07/12/2017,07:15,32R,30R,1.740334975,31.57222398,0,0,0,1,0,0,0,0,1,0,0,0,0,0,0,0,0,0,1,0,0,0
08/12/2017,07:00,25D,25D,1.727356017,31.567857,0,1,0,1,0,1,0,1,1,0,0,0,0,1,1,1,0,0,0,0,0,0
09/12/2017,08:30,32N,30N,1.737150019,31.57219699,0,0,0,0,1,1,0,0,0,1,0,0,0,0,0,0,0,0,0,0,0,0
10/12/2017,09:30,32N,30N,1.737150019,31.57219699,0,0,0,1,1,1,0,0,1,0,0,0,0,0,0,0,0,1,0,0,0,0
11/12/2017,08:00,32N,30N,1.737150019,31.57219699,0,0,1,0,0,0,0,0,0,0,0,1,0,1,0,1,0,0,1,1,0,0
12/12/2017,07:15,22B,20B,1.725783991,31.56343102,0,1,0,0,0,1,1,0,1,0,0,0,0,0,0,0,0,0,0,0,0,0
13/12/2017,07:30,25N,25N,1.736929994,31.56783496,0,0,0,0,0,0,0,0,0,0,0,0,0,0,0,0,0,0,0,1,0,0
16/12/2017,08:30,35N,35N,1.737316987,31.57718296,0,0,0,0,0,0,0,0,0,0,0,1,1,0,0,0,0,1,0,1,0,0
17/12/2017,08:30,32L,30L,1.735002995,31.57228701,0,0,0,1,0,0,0,0,0,0,0,1,0,0,0,0,0,1,0,0,0,0
18/12/2017,08:30,32R,30R,1.740334975,31.57222398,1,0,0,1,0,0,0,0,0,0,0,0,0,1,0,0,0,0,0,1,0,0
19/12/2017,08:45,37P,35P,1.738795973,31.57720702,0,1,0,1,0,0,0,1,1,0,0,0,0,0,0,1,0,0,0,1,0,0
22/12/2017,08:45,37P,35P,1.738795973,31.57720702,0,0,0,1,0,1,0,1,1,0,0,0,1,1,1,0,0,0,0,1,0,0
26/12/2017,13:15,17L,15L,1.735025961,31.55892701,0,0,0,0,0,0,0,0,0,0,0,0,0,0,0,0,0,0,0,0,0,0
27/12/2017,07:45,32R,30R,1.740334975,31.57222398,1,1,0,1,1,0,0,1,1,1,0,0,1,0,1,0,0,1,1,0,0,0
03/01/2018,09:15,25F,25F,1.72952299,31.56782297,0,0,0,0,0,0,0,0,0,0,0,0,0,0,0,0,0,0,0,0,0,0
04/01/2018,09:00,32L,30L,1.735002995,31.57228701,0,0,0,0,0,0,0,1,1,1,0,0,0,0,0,1,0,0,1,0,0,0
05/01/2018,07:30,30L,30L,1.735002995,31.57228701,0,1,0,1,0,0,0,1,1,1,0,0,1,0,0,1,0,1,0,0,0,0
06/01/2018,09:15,220,20 0,1.724181036,31.56353001,1,0,0,1,0,0,0,0,1,0,0,0,0,0,1,0,0,0,0,0,0,0
07/01/2018,08:30,29D,25D,1.727356017,31.567857,0,0,0,0,0,0,0,0,0,0,0,0,0,0,0,0,0,0,0,0,0,0
08/01/2018,07:15,27D,25D,1.727356017,31.567857,0,0,0,0,0,0,0,0,0,0,0,0,0,0,0,0,0,0,1,0,0,0
09/01/2018,08:30,30F,30F,1.729244962,31.57237401,0,0,0,0,0,0,0,0,0,0,0,0,0,0,0,0,0,0,0,0,0,0
10/01/2018,07:45,220,20 0,1.724181036,31.56353001,0,0,0,1,0,0,0,0,0,0,0,0,0,0,1,0,0,0,0,0,0,1
11/01/2018,08:00,22D,20D,1.727420976,31.563369,0,0,0,0,1,0,0,0,0,1,0,0,0,0,0,0,0,0,0,0,0,0
12/01/2018,07:30,32N,30N,1.737150019,31.57219699,0,0,0,1,0,0,1,0,0,0,0,0,0,1,0,0,0,0,0,0,0,0
13/01/2018,09:15,17B,15B,1.725589028,31.55888996,0,1,0,0,0,1,0,1,1,0,0,0,1,1,1,0,0,0,0,0,0,1
14/01/2018,08:15,27H,25H,1.731971009,31.56793102,0,1,0,0,0,0,1,0,0,0,0,0,0,0,0,1,0,0,0,0,0,0
15/01/2018,08:00,30F,30F,1.729244962,31.57237401,0,0,0,0,0,0,0,0,0,0,0,1,0,0,0,0,0,1,0,0,0,1
16/01/2018,07:15,220,20 0,1.724181036,31.56353001,0,1,0,0,0,0,0,0,1,0,0,0,0,0,0,0,0,0,0,0,0,0
17/01/2018,08:15,30L,30L,1.735002995,31.57228701,0,0,0,0,0,0,0,0,0,0,0,0,0,0,0,0,0,0,0,0,0,0
18/01/2018,07:30,220,20 0,1.724181036,31.56353001,0,0,0,0,0,0,1,0,0,0,0,0,0,0,0,0,0,0,0,0,0,0
19/01/2018,08:00,32L,30L,1.735002995,31.57228701,0,1,1,0,0,0,0,1,0,1,0,1,0,1,1,0,0,0,0,0,0,1
20/01/2018,09:21:34,32f,30F,1.729244962,31.57237401,0,0,0,0,0,1,0,0,0,0,0,0,0,0,0,0,0,0,0,0,0,0
21/01/2018,08:00,27H,25H,1.731971009,31.56793102,0,0,0,0,0,0,1,0,0,0,0,0,1,0,0,0,0,0,0,0,0,0
22/01/2018,08:02:49,25b,25B,1.725720959,31.56794501,0,0,0,0,0,0,0,0,0,0,0,0,0,1,0,0,0,0,0,0,0,0
23/01/2018,08:29:54,32j,30J,1.733300965,31.57212901,0,1,1,0,0,0,0,1,1,1,0,0,0,0,1,0,0,0,0,0,0,0
24/01/2018,07:32:58,220,20 0,1.724181036,31.56353001,0,0,0,0,0,0,1,0,0,0,0,0,0,0,0,0,0,0,0,0,0,0
25/01/2018,08:24:15,35n,35N,1.737316987,31.57718296,0,0,0,0,0,0,0,0,0,0,0,0,0,0,0,0,0,0,0,0,0,0
27/01/2018,09:45:30,25l,25L,1.735076001,31.56786497,0,0,0,1,0,1,0,0,0,0,0,0,0,0,1,0,0,1,1,0,0,0
28/01/2018,07:33:23,302,302,1.721977433,31.57211677,0,0,0,0,0,0,1,1,0,0,0,0,0,0,0,0,0,0,0,0,0,0
30/01/2018,08:16:00,35n,35N,1.737316987,31.57718296,0,0,0,1,0,0,0,1,1,1,0,0,0,0,0,1,0,1,0,1,0,0
31/01/2018,08:49:42,30d,30D,1.727519967,31.57217402,0,0,0,0,1,1,0,0,1,0,0,0,0,0,1,0,0,0,0,0,0,0
01/02/2018,08:52:45,27l,25L,1.735076001,31.56786497,0,1,0,0,0,0,0,0,0,0,0,0,0,0,0,0,0,0,0,0,0,0
02/02/2018,07:47:11,220,20 0,1.724181036,31.56353001,0,0,0,0,0,0,0,0,0,0,0,0,0,0,0,0,0,0,0,0,0,0
03/02/2018,07:30:09,22b,20B,1.725783991,31.56343102,0,0,0,0,0,1,0,0,0,0,0,0,0,0,0,0,0,0,0,0,0,0
04/02/2018,09:17:11,37d,35D,1.727491971,31.57734498,0,0,1,0,0,1,0,1,0,1,0,0,1,0,0,1,0,0,0,1,0,1
05/02/2018,07:12:24,20 0,20 0,1.724181036,31.56353001,0,0,0,0,0,0,0,0,0,0,1,0,0,0,0,0,0,0,1,0,0,0
06/02/2018,07:12:42,20 0,20 0,1.724181036,31.56353001,0,1,0,0,0,0,0,0,0,0,1,0,0,0,0,0,1,0,0,0,0,0
07/02/2018,08:32:35,27f,25F,1.72952299,31.56782297,0,0,1,0,0,0,0,0,0,1,0,0,0,0,0,0,0,0,0,0,0,0
08/02/2018,07:18:02,20 0,20 0,1.724181036,31.56353001,0,1,0,0,0,0,0,0,0,0,0,0,0,0,0,0,1,0,1,0,0,0
09/02/2018,09:01:05,27f,25F,1.72952299,31.56782297,0,0,0,0,0,0,0,0,0,0,0,0,0,0,0,0,0,0,0,0,0,0
10/02/2018,07:01:44,20 0,20 0,1.724181036,31.56353001,0,0,0,0,0,0,1,0,0,0,0,0,0,0,0,0,0,0,0,0,0,0
11/02/2018,07:14:22,20 0,20 0,1.724181036,31.56353001,0,0,0,0,0,0,1,0,0,0,0,0,0,0,0,0,0,0,0,0,0,0
12/02/2018,09:00:44,220,20 0,1.724181036,31.56353001,0,0,0,0,0,0,0,0,0,0,0,0,0,0,0,0,0,0,0,0,0,0
13/02/2018,07:15:59,20 0,20 0,1.724181036,31.56353001,0,1,1,0,0,0,0,0,1,0,0,0,0,0,1,0,0,0,1,0,0,1
14/02/2018,07:15:24,20 0,20 0,1.724181036,31.56353001,0,0,0,0,0,0,1,0,1,0,0,0,0,1,0,0,0,0,0,0,0,0
15/02/2018,08:15:19,170,150,1.723919017,31.55896598,0,1,0,0,0,0,1,0,0,1,0,0,0,0,1,1,0,1,0,0,0,0
18/02/2018,07:32:53,20 0,20 0,1.724181036,31.56353001,0,0,0,0,0,1,0,1,0,0,1,0,1,0,0,1,0,0,1,0,1,0
19/02/2018,07:16:07,20 0,20 0,1.724181036,31.56353001,0,0,0,0,0,0,1,0,0,0,1,0,0,0,0,1,0,0,0,0,1,0
20/02/2018,07:52:33,20 0,20 0,1.724181036,31.56353001,0,1,0,0,0,0,1,0,0,1,0,0,0,0,0,0,0,0,0,0,1,0
21/02/2018,07:46:20,20 0,20 0,1.724181036,31.56353001,0,0,0,1,0,0,0,0,1,0,1,0,0,0,0,0,0,1,0,0,0,0
22/02/2018,07:00:45,20 0,20 0,1.724181036,31.56353001,0,0,0,1,0,0,0,0,0,0,0,0,0,1,1,0,0,0,1,0,1,0
23/02/2018,07:30:22,20 0,20 0,1.724181036,31.56353001,0,0,0,0,0,0,0,0,0,0,1,0,0,0,0,0,1,0,0,0,0,0
24/02/2018,11:01:26,15h,15H,1.731914012,31.55885903,0,0,0,0,0,0,0,1,0,0,0,0,1,0,1,1,0,0,0,0,0,0
25/02/2018,07:16:32,20 0,20 0,1.724181036,31.56353001,0,0,0,0,0,0,1,0,0,0,0,0,0,0,0,0,1,0,0,0,0,0
26/02/2018,07:18:08,20 0,20 0,1.724181036,31.56353001,0,1,1,0,0,0,0,0,0,0,0,0,0,0,0,0,0,0,0,1,0,0
27/02/2018,07:15:51,20 0,20 0,1.724181036,31.56353001,0,1,0,0,0,0,0,0,0,1,1,0,0,0,0,0,0,0,0,0,1,0
28/02/2018,08:02:33,20 0,20 0,1.724181036,31.56353001,0,0,0,0,0,0,0,0,0,0,1,0,0,0,0,0,0,0,0,0,0,0
01/03/2018,07:15:16,20 0,20 0,1.724181036,31.56353001,0,0,0,0,0,0,0,0,0,0,1,0,0,0,0,0,0,0,0,0,0,0
04/03/2018,07:19:13,20 0,20 0,1.724181036,31.56353001,0,0,0,0,0,0,1,0,0,0,1,0,0,0,0,1,1,0,0,0,0,0
05/03/2018,07:02:08,20 0,20 0,1.724181036,31.56353001,0,1,0,0,0,0,0,0,0,1,0,0,0,1,0,0,0,0,0,0,0,0
06/03/2018,07:24:40,20 0,20 0,1.724181036,31.56353001,0,0,0,0,0,0,0,0,0,0,0,0,0,0,0,0,0,0,0,0,0,0
07/03/2018,07:26:58,20 0,20 0,1.724181036,31.56353001,0,0,0,0,0,0,0,0,0,0,0,0,0,0,1,0,0,0,0,0,0,0
09/03/2018,08:15:06,20 0,20 0,1.724181036,31.56353001,0,0,0,0,0,0,0,0,0,0,0,0,0,0,0,0,0,0,0,0,1,0
10/03/2018,07:01:19,20 0,20 0,1.724181036,31.56353001,0,0,0,0,0,0,0,0,0,0,1,0,0,0,0,0,0,0,0,0,1,0
11/03/2018,07:47:13,20 0,20 0,1.724181036,31.56353001,0,0,0,0,0,0,0,0,0,0,1,0,0,0,0,1,0,0,0,0,1,0
12/03/2018,07:31:32,20 0,20 0,1.724181036,31.56353001,0,0,0,0,0,0,0,0,0,0,0,0,0,0,0,0,0,0,0,1,1,0
13/03/2018,09:00:39,20 0,20 0,1.724181036,31.56353001,0,0,0,0,0,0,0,0,0,0,1,0,0,0,0,0,0,0,0,0,0,0
14/03/2018,07:15:35,20 0,20 0,1.724181036,31.56353001,0,0,0,0,0,1,0,0,1,0,0,0,0,0,0,0,0,0,0,1,1,0
15/03/2018,10:11:19,20 0,20 0,1.724181036,31.56353001,0,0,0,0,0,1,0,0,1,0,0,0,0,0,1,0,0,0,1,0,1,0
16/03/2018,07:46:33,20 0,20 0,1.724181036,31.56353001,0,0,0,0,0,0,0,0,0,0,1,0,0,0,0,0,0,0,0,0,1,0
17/03/2018,07:17:20,220,20 0,1.724181036,31.56353001,0,0,0,0,0,0,0,1,0,0,0,0,0,0,0,0,0,0,0,0,0,0
18/03/2018,07:00:45,20 0,20 0,1.724181036,31.56353001,0,0,0,0,0,0,0,0,0,0,1,0,0,0,0,0,0,0,0,0,1,0
19/03/2018,08:19:24,20 0,20 0,1.724181036,31.56353001,0,0,0,0,0,1,0,0,0,0,0,0,0,0,0,0,0,0,0,0,0,0
20/03/2018,07:46:49,20 0,20 0,1.724181036,31.56353001,0,1,0,0,0,0,0,1,1,0,0,0,0,0,1,0,0,0,1,0,1,0
21/03/2018,08:00:35,20 0,20 0,1.724181036,31.56353001,0,0,0,0,0,0,0,0,1,0,1,0,0,0,0,0,0,0,0,0,0,0
22/03/2018,07:04:31,220,20 0,1.724181036,31.56353001,0,0,0,1,0,0,0,0,0,0,0,0,0,0,0,0,0,0,0,0,0,0
24/03/2018,07:01:50,20n,20N,1.736679962,31.56330002,0,0,0,0,1,0,0,0,0,0,0,0,0,0,0,0,0,0,0,0,0,0
25/03/2018,07:47:30,20n,20N,1.736679962,31.56330002,0,0,0,0,0,0,0,0,0,0,0,0,1,0,0,0,0,0,1,0,0,0
26/03/2018,07:31:30,20n,20N,1.736679962,31.56330002,0,0,0,0,0,0,0,0,0,0,0,0,0,0,0,0,0,0,0,1,0,0
27/03/2018,07:31:22,20n,20N,1.736679962,31.56330002,0,1,0,0,0,0,1,0,0,1,0,0,0,1,1,0,1,0,0,0,1,0
28/03/2018,08:14:47,20n,20N,1.736679962,31.56330002,0,0,1,1,0,1,0,1,0,0,0,0,0,0,0,0,0,1,0,0,0,0
29/03/2018,07:31:00,20n,20N,1.736679962,31.56330002,0,1,0,0,0,1,0,0,0,0,0,0,1,0,1,0,0,1,0,1,0,0
31/03/2018,07:29:02,20n,20N,1.736679962,31.56330002,0,1,0,0,0,0,0,1,0,0,0,0,0,0,0,0,0,0,0,0,0,0
03/04/2018,08:29:51,20n,20N,1.736679962,31.56330002,0,0,0,0,0,1,0,0,0,0,0,0,0,0,0,0,0,0,0,0,0,0
05/04/2018,08:46:05,30j,30J,1.733300965,31.57212901,1,0,0,0,0,0,0,0,0,0,0,0,1,0,0,0,0,0,0,0,0,0
06/04/2018,10:02:30,27h,25H,1.731971009,31.56793102,0,0,0,0,0,0,0,0,0,0,0,0,0,0,0,0,0,0,0,0,0,0
09/04/2018,07:34:21,27h,25H,1.731971009,31.56793102,0,0,0,0,0,0,0,0,0,0,0,0,1,0,0,0,0,0,0,0,0,0
10/04/2018,08:31:11,35r,35R,1.740344027,31.57725899,0,0,0,1,0,0,0,0,0,0,0,0,0,0,0,0,0,0,0,0,0,0
11/04/2018,07:46:06,32j,30J,1.733300965,31.57212901,0,0,0,0,1,0,0,0,0,0,0,1,0,0,1,0,0,0,0,1,0,0
12/04/2018,07:28:59,32f,30F,1.729244962,31.57237401,0,0,0,1,0,0,0,0,0,0,0,0,0,0,0,0,0,0,0,0,1,0
13/04/2018,07:46:44,29f,25F,1.72952299,31.56782297,0,0,0,1,0,0,0,0,1,0,0,0,0,0,0,0,0,1,0,0,0,0
14/04/2018,10:47:08,300,300,1.724120015,31.57233302,0,0,0,0,0,0,1,0,0,0,0,0,0,0,0,0,0,0,0,0,0,0
15/04/2018,07:44:10,29d,25D,1.727356017,31.567857,0,0,1,1,0,0,0,0,0,1,0,0,0,0,0,0,0,0,0,1,0,0
16/04/2018,07:46:22,29d,25D,1.727356017,31.567857,0,0,1,0,1,0,1,0,0,1,0,0,0,0,1,0,0,0,0,0,1,0
17/04/2018,08:10:21,32d,30D,1.727519967,31.57217402,0,0,0,0,0,0,0,0,0,1,0,0,0,0,0,0,0,0,1,0,0,0
18/04/2018,07:36:50,29d,25D,1.727356017,31.567857,0,0,0,0,0,0,0,1,1,0,0,0,0,0,1,1,0,1,1,0,0,0
19/04/2018,08:31:25,29h,25H,1.731971009,31.56793102,0,0,0,0,0,0,0,0,0,0,0,0,1,0,0,0,0,0,0,0,0,0
20/04/2018,07:50:24,32d,30D,1.727519967,31.57217402,0,0,0,0,0,0,0,0,0,0,0,0,0,0,0,0,0,0,0,0,0,0
21/04/2018,09:15:15,300,300,1.724120015,31.57233302,0,0,0,0,0,0,0,0,0,0,0,0,0,0,0,0,0,1,1,0,0,0
22/04/2018,07:29:39,29d,25D,1.727356017,31.567857,0,0,0,0,0,0,1,0,0,0,0,0,1,0,0,0,0,0,0,0,0,0
23/04/2018,10:30:38,320,302,1.721977433,31.57211677,0,0,0,0,0,0,0,0,1,0,0,0,0,0,1,0,0,0,0,0,0,0
24/04/2018,08:08:31,30h,30H,1.731982995,31.57225801,0,0,0,0,1,1,0,0,0,0,0,0,0,0,0,0,0,1,0,0,0,0
25/04/2018,08:36:05,30f,30F,1.729244962,31.57237401,0,0,0,0,0,1,0,1,1,0,0,0,0,0,0,1,0,0,0,0,0,0
26/04/2018,08:41:24,30f,30F,1.729244962,31.57237401,0,0,0,0,0,1,0,0,0,0,0,0,0,0,0,0,0,0,0,0,0,0
27/04/2018,15:16:49,30p,30P,1.739380024,31.57213404,0,1,0,0,0,0,0,0,1,0,0,0,1,0,1,1,0,0,0,0,0,0
28/04/2018,09:16:41,32j,30J,1.733300965,31.57212901,0,0,0,0,0,0,0,0,0,0,0,0,0,0,0,0,0,1,0,0,0,0
29/04/2018,07:46:49,32j,30J,1.733300965,31.57212901,0,0,0,0,0,0,0,0,0,0,0,0,0,0,0,0,0,0,0,0,0,0
30/04/2018,07:49:39,32l,30L,1.735002995,31.57228701,1,0,0,0,0,0,0,0,0,0,0,0,0,0,0,0,0,0,0,0,0,0
02/05/2018,09:15:07,32j,30J,1.733300965,31.57212901,0,0,1,0,0,0,0,1,0,0,0,0,0,0,0,0,0,0,1,0,0,0
03/05/2018,08:00:08,32n,30N,1.737150019,31.57219699,0,0,0,0,0,0,0,0,0,1,0,0,0,0,0,0,0,0,0,0,0,0
04/05/2018,09:46:21,30p,30P,1.739380024,31.57213404,0,0,0,0,0,0,0,0,0,1,0,0,0,1,0,0,0,0,0,0,0,0
05/05/2018,07:44:51,32l,30L,1.735002995,31.57228701,0,0,0,0,0,1,0,0,0,1,0,0,0,0,0,0,0,0,1,0,0,0
06/05/2018,08:16:06,32h,30H,1.731982995,31.57225801,0,0,0,0,0,0,0,0,0,0,0,0,0,0,0,0,0,0,0,0,0,0
07/05/2018,08:08:39,30j,30J,1.733300965,31.57212901,0,1,0,0,0,0,1,0,0,0,0,0,0,0,0,1,0,0,0,0,0,0
08/05/2018,08:47:17,32j,30J,1.733300965,31.57212901,0,0,0,0,0,0,0,0,0,0,0,0,0,0,0,0,0,0,0,0,0,0
09/05/2018,07:44:40,32j,30J,1.733300965,31.57212901,0,0,1,1,0,0,0,0,1,0,0,0,0,0,0,0,0,0,0,0,0,0
11/05/2018,07:45:13,32f,30F,1.729244962,31.57237401,0,0,0,0,0,1,0,1,1,0,0,0,0,0,0,1,0,0,1,0,0,0
12/05/2018,07:32:48,15j,15J,1.733443039,31.55888996,0,0,1,1,0,0,0,0,0,0,0,0,0,0,0,0,0,0,0,1,0,0
13/05/2018,09:00:47,32d,30D,1.727519967,31.57217402,0,0,0,0,0,0,0,0,0,0,1,0,0,0,0,0,0,0,0,0,0,0
14/05/2018,09:02:05,16j,15J,1.733443039,31.55888996,0,0,1,1,0,1,1,1,1,1,1,0,1,1,0,1,0,1,1,1,0,0
15/05/2018,07:47:00,27n,25N,1.736929994,31.56783496,0,0,0,1,0,0,0,0,0,0,0,1,0,0,0,0,0,0,0,0,1,0
16/05/2018,08:15:57,27n,25N,1.736929994,31.56783496,0,0,0,1,0,1,0,0,0,0,0,0,0,0,0,0,0,0,0,0,0,0
17/05/2018,08:00:43,32h,30H,1.731982995,31.57225801,0,0,0,1,0,0,0,0,1,0,0,0,0,0,0,0,0,1,0,0,0,0
18/05/2018,07:53:38,27f,25F,1.72952299,31.56782297,0,0,0,1,0,0,0,0,0,0,0,0,0,0,1,0,0,0,0,0,0,0
19/05/2018,08:49:10,25n,25N,1.736929994,31.56783496,0,0,0,0,0,0,0,1,0,0,0,0,0,0,0,0,0,0,1,0,0,0
20/05/2018,08:19:49,32h,30H,1.731982995,31.57225801,0,1,0,0,0,0,0,0,0,1,0,0,1,1,1,1,0,0,0,0,0,0
22/05/2018,09:45:03,25n,25N,1.736929994,31.56783496,1,0,0,0,0,0,0,0,0,1,0,0,0,0,0,0,0,0,0,0,0,0
23/05/2018,07:36:04,30h,30H,1.731982995,31.57225801,0,0,0,0,0,0,0,0,0,0,0,1,0,0,0,0,0,0,0,1,0,0
24/05/2018,07:47:43,22p,20P,1.739070984,31.56355499,0,0,0,1,0,0,1,0,1,0,0,0,0,0,0,0,0,0,0,1,0,0
25/05/2018,10:04:49,30l,30L,1.735002995,31.57228701,0,0,0,1,0,0,0,1,0,1,0,0,1,0,1,1,0,0,0,0,0,0
27/05/2018,07:45:21,15R,15R,1.740442012,31.55883799,0,1,1,0,0,0,0,0,0,0,0,0,0,0,1,1,0,0,0,0,1,0
11/06/2018,07:15,17r,15R,1.740442012,31.55883799,0,0,0,0,0,0,1,0,0,0,0,0,0,0,1,1,0,0,0,0,0,0
12/06/2018,07:45,15r,15R,1.740442012,31.55883799,0,0,1,1,0,1,0,0,0,1,0,0,0,0,1,0,0,0,1,0,0,0
13/06/2018,07:45,25r,25R,1.740493979,31.56802297,0,0,0,1,0,1,0,0,1,0,0,0,0,0,0,1,0,1,0,0,0,0
14/06/2018,08:15,30T,30T,1.74419702,31.57227402,0,0,0,0,0,0,0,1,0,0,0,1,0,0,1,1,0,0,0,0,1,0
15/06/2018,07:45,25R,25R,1.740493979,31.56802297,0,0,0,0,0,0,0,0,0,0,0,1,1,0,0,0,0,0,0,1,0,0
16/06/2018,08:00,25r,25R,1.740493979,31.56802297,1,0,0,0,0,0,0,0,0,1,0,0,0,0,0,1,0,0,1,0,0,0
17/06/2018,08:00,25R,25R,1.740493979,31.56802297,0,0,0,0,0,0,0,0,0,1,0,0,0,1,0,0,0,1,1,1,0,0
18/06/2018,09:30,25r,25R,1.740493979,31.56802297,0,0,0,0,0,0,0,0,0,0,0,1,0,0,0,0,1,0,0,0,0,0
19/06/2018,08:15,17f,15F,1.72976397,31.55887504,0,0,0,0,0,0,0,0,1,0,0,0,0,0,1,0,0,0,0,0,0,0
20/06/2018,10:15,22b,20B,1.725783991,31.56343102,1,0,0,0,0,0,0,0,1,0,0,0,0,0,1,0,0,1,1,0,0,0
21/06/2018,08:00,13j,10H,1.731179003,31.55409903,0,0,0,0,0,0,0,1,0,0,0,0,0,0,0,0,0,0,0,0,0,0
22/06/2018,09:15,25r,25R,1.740493979,31.56802297,0,0,0,0,0,0,0,1,0,0,0,0,0,0,0,0,0,0,0,0,0,0
23/06/2018,07:15,25r,25R,1.740493979,31.56802297,0,0,0,0,0,0,0,0,0,0,0,0,0,0,0,0,0,0,0,1,0,0
24/06/2018,09:45,20f,20F,1.729677971,31.56344804,0,0,0,0,0,0,0,0,0,0,0,0,0,0,0,0,0,0,0,1,0,0
25/06/2018,08:00,17n,15N,1.736797979,31.55892801,0,0,0,0,0,0,1,0,0,0,0,0,0,0,1,0,0,1,0,0,0,0
27/06/2018,08:00,20f,20F,1.729677971,31.56344804,0,0,0,0,0,0,0,0,0,0,0,0,0,0,0,0,0,0,0,0,0,0
28/06/2018,10:00,20f,20F,1.729677971,31.56344804,0,0,0,0,0,0,0,0,0,0,0,0,0,1,0,0,0,0,0,0,0,0
29/06/2018,07:45,25b,25B,1.725720959,31.56794501,0,0,0,0,0,0,0,0,0,0,0,0,0,0,0,0,0,0,0,0,0,0
30/06/2018,07:15,25b,25B,1.725720959,31.56794501,0,0,0,0,0,0,0,0,0,0,0,0,0,0,0,0,0,0,0,0,0,0
01/07/2018,07:30,25b,25B,1.725720959,31.56794501,0,0,0,0,0,0,0,0,0,0,0,0,0,0,1,0,0,0,0,0,1,0
02/07/2018,08:15,20f,20F,1.729677971,31.56344804,0,1,0,0,0,0,1,0,0,0,0,0,1,0,0,0,0,0,0,0,0,0
03/07/2018,08:30,17l,15L,1.735025961,31.55892701,0,0,0,0,0,0,0,0,0,0,0,0,0,0,0,0,0,0,0,0,0,0
04/07/2018,07:15,20f,20F,1.729677971,31.56344804,0,0,0,0,0,0,0,0,0,0,0,0,0,1,0,0,0,0,0,0,1,0
05/07/2018,07:15,20f,20F,1.729677971,31.56344804,0,0,0,0,0,0,0,0,0,0,0,0,0,1,0,0,0,0,0,0,1,0
06/07/2018,10:45,17l,15L,1.735025961,31.55892701,0,0,0,0,0,0,0,0,0,0,0,0,0,0,0,0,0,0,0,1,0,0
07/07/2018,07:15,17f,15F,1.72976397,31.55887504,0,1,0,0,0,0,1,1,0,0,0,0,0,1,0,0,0,0,0,0,1,0
08/07/2018,07:15,20f,20F,1.729677971,31.56344804,0,1,0,0,0,0,0,0,0,0,0,0,0,0,0,0,0,0,0,1,0,0
09/07/2018,08:00,22h,20H,1.731942007,31.56338601,0,0,0,1,0,0,0,0,0,0,0,0,0,0,0,0,0,0,0,0,0,0
11/07/2018,07:45,20d,20D,1.727420976,31.563369,0,0,0,0,0,0,0,0,0,0,0,0,0,1,0,0,0,0,0,0,0,0
12/07/2018,07:15,20d,20D,1.727420976,31.563369,0,0,0,0,0,0,0,0,0,0,0,0,0,1,0,0,0,0,0,1,0,0
13/07/2018,07:30,20d,20D,1.727420976,31.563369,0,0,0,0,0,0,1,1,0,0,0,0,0,1,0,0,0,0,0,0,0,0
14/07/2018,09:30,25b,25B,1.725720959,31.56794501,0,1,0,1,0,1,0,0,0,0,0,0,1,0,0,0,0,0,0,0,0,0
16/07/2018,08:00,27h,25H,1.731971009,31.56793102,0,0,0,0,0,0,0,0,0,0,0,0,0,0,0,0,0,0,0,0,0,0
17/07/2018,06:15,15f,15F,1.72976397,31.55887504,0,0,0,0,0,0,0,0,0,0,0,0,0,0,0,0,1,0,0,0,0,0
18/07/2018,07:30,15f,15F,1.72976397,31.55887504,0,0,0,0,0,0,0,0,0,0,0,0,0,0,0,0,0,0,0,0,0,0
19/07/2018,07:15,16f,15F,1.72976397,31.55887504,0,0,0,0,0,0,0,0,0,0,0,0,0,0,0,0,0,0,0,0,0,0
20/07/2018,11:45,27f,25F,1.72952299,31.56782297,0,0,0,0,0,0,0,0,0,0,0,0,0,0,0,0,0,0,0,0,0,0
21/07/2018,13:15,37j,35J,1.733449996,31.57691499,0,0,0,0,0,0,0,0,0,1,0,0,0,1,0,0,0,0,0,0,0,0
22/07/2018,08:00,35j,35J,1.733449996,31.57691499,0,0,0,1,0,0,0,1,0,1,0,0,0,1,0,0,0,0,0,0,0,0
23/07/2018,08:30,37j,35J,1.733449996,31.57691499,0,0,1,1,0,1,0,1,0,1,0,0,0,0,1,0,0,1,0,1,0,1
24/07/2018,07:30,35j,35J,1.733449996,31.57691499,0,0,0,0,0,1,0,0,1,0,0,0,0,0,1,0,0,0,0,0,0,0
25/07/2018,08:30,37j,35J,1.733449996,31.57691499,0,0,0,1,0,0,0,1,1,1,0,1,1,0,1,0,0,0,0,0,0,0
26/07/2018,08:00,35j,35J,1.733449996,31.57691499,1,0,0,0,0,0,0,1,0,0,0,1,0,0,0,0,0,0,1,0,0,0
27/07/2018,08:00,35j,35J,1.733449996,31.57691499,0,0,0,0,0,1,0,0,0,1,0,0,0,1,0,0,1,0,1,0,1,0
28/07/2018,07:45,35j,35J,1.733449996,31.57691499,1,0,0,0,0,1,0,0,0,0,0,0,0,0,0,0,0,0,0,0,1,0
29/07/2018,08:00,37j,35J,1.733449996,31.57691499,0,0,0,0,0,0,0,0,0,1,0,0,0,0,1,0,0,0,0,0,0,0
30/07/2018,09:30,29d,25D,1.727356017,31.567857,0,0,0,0,0,1,0,0,0,0,0,0,0,0,1,0,1,1,1,0,0,0
04/08/2018,10:00,254,254,1.719674673,31.56832773,1,0,0,1,0,0,0,0,0,0,0,0,0,0,0,0,0,0,0,0,0,0
06/08/2018,10:45,204,204,1.719719013,31.56370402,0,0,0,1,0,0,0,0,0,0,0,0,0,0,0,0,0,0,0,0,0,0
07/08/2018,08:30,204,204,1.719719013,31.56370402,0,1,0,0,1,0,0,0,0,0,0,0,0,0,0,0,0,0,0,0,0,0
09/08/2018,12:45,27n,25N,1.736929994,31.56783496,0,0,0,0,0,1,1,0,0,0,0,0,0,1,0,0,0,0,0,0,1,0
10/08/2018,08:15,29h,25H,1.731971009,31.56793102,0,0,0,0,0,0,0,0,0,0,0,0,0,0,0,0,0,0,0,1,0,0
11/08/2018,08:00,30d,30D,1.727519967,31.57217402,0,0,0,1,0,0,0,0,0,0,0,0,0,0,0,0,0,1,0,1,0,0
12/08/2018,08:30,204,204,1.719719013,31.56370402,0,0,0,1,0,0,0,1,0,0,0,1,1,1,1,0,0,1,0,1,0,0
13/08/2018,08:00,29d,25D,1.727356017,31.567857,0,0,0,1,0,1,0,0,0,0,0,0,0,0,0,0,0,0,0,1,0,0
14/08/2018,08:30,29f,25F,1.72952299,31.56782297,0,0,0,0,0,1,0,0,0,0,0,0,0,1,0,0,1,0,0,1,0,0
15/08/2018,07:45,29d,25D,1.727356017,31.567857,0,0,0,0,0,1,0,0,0,0,0,1,0,0,0,0,0,0,0,0,0,0
16/08/2018,08:30,29d,25D,1.727356017,31.567857,0,0,0,0,0,1,0,0,0,0,0,0,0,0,1,0,0,0,0,1,0,0
17/08/2018,07:45,29d,25D,1.727356017,31.567857,0,0,0,0,0,1,0,0,1,0,0,1,0,0,0,1,0,0,0,0,0,0
18/08/2018,08:00,29d,25D,1.727356017,31.567857,1,0,0,0,0,0,0,0,0,0,0,1,0,0,1,0,0,1,0,0,0,0
20/08/2018,08:00,32f,30F,1.729244962,31.57237401,0,0,0,1,0,0,0,0,0,0,0,0,0,0,1,0,0,0,0,0,0,0
23/08/2018,07:30,25n,25N,1.736929994,31.56783496,0,0,0,0,0,0,0,0,0,0,0,0,0,0,0,0,0,0,0,0,0,0
24/08/2018,09:45,22n,20N,1.736679962,31.56330002,0,0,0,0,0,1,0,1,0,0,0,0,0,0,0,0,0,0,0,0,0,0
26/08/2018,08:00,20l,20L,1.735033002,31.56350504,0,0,0,0,0,0,0,1,0,0,0,0,0,0,0,0,0,0,0,0,0,0
27/08/2018,14:15,21l,20L,1.735033002,31.56350504,0,0,0,0,0,0,0,1,0,0,0,0,0,0,0,0,0,0,0,0,0,0
28/08/2018,08:00,20l,20L,1.735033002,31.56350504,0,0,0,0,0,0,0,1,0,0,0,0,0,0,0,0,0,0,0,0,0,0
31/08/2018,07:15,20l,20L,1.735033002,31.56350504,0,0,0,0,0,0,0,1,0,0,0,0,0,0,0,0,0,0,0,0,0,0
01/09/2018,13:00,35h,35H,1.732096989,31.57712697,0,0,0,0,0,0,0,0,1,0,0,0,0,0,0,1,0,0,0,0,0,0
02/09/2018,08:15,20l,20L,1.735033002,31.56350504,0,0,0,0,0,0,0,1,0,1,0,0,0,0,0,0,0,0,1,0,0,0
03/09/2018,08:45,20n,20N,1.736679962,31.56330002,0,0,0,0,0,0,0,0,0,0,0,0,0,0,0,0,0,0,0,0,0,0
04/09/2018,07:45,17f,15F,1.72976397,31.55887504,0,0,0,0,0,0,0,0,0,0,0,0,0,0,0,0,0,0,0,0,0,0
05/09/2018,07:15,17f,15F,1.72976397,31.55887504,0,0,0,0,0,0,0,0,0,0,0,0,0,0,0,0,0,0,0,0,0,0
06/09/2018,07:45,17f,15F,1.72976397,31.55887504,0,0,0,0,0,0,0,0,0,0,0,0,0,1,0,0,0,0,0,0,0,0
08/09/2018,07:15,17f,15F,1.72976397,31.55887504,0,0,0,0,0,0,0,0,0,0,0,0,1,0,0,0,0,0,0,0,0,0
09/09/2018,07:45,17j,15J,1.733443039,31.55888996,0,0,0,0,0,0,0,0,0,0,0,0,0,0,0,0,0,0,0,0,0,0
10/09/2018,08:15,17j,15J,1.733443039,31.55888996,1,0,0,0,0,0,0,0,0,1,0,0,0,1,0,0,0,0,0,0,0,0
11/09/2018,07:15,17j,15J,1.733443039,31.55888996,0,0,0,0,0,0,0,0,0,0,0,0,0,0,0,0,0,0,0,0,0,0
12/09/2018,08:00,20l,20L,1.735033002,31.56350504,0,1,0,1,0,0,0,0,1,0,0,0,0,1,0,1,0,0,0,0,0,0
13/09/2018,07:30,17j,15J,1.733443039,31.55888996,0,0,0,1,0,0,0,0,1,0,0,0,0,0,0,1,0,0,0,0,0,0
14/09/2018,07:15,17n,15N,1.736797979,31.55892801,0,0,0,0,0,0,0,0,0,0,0,0,0,0,0,0,0,0,0,0,0,0
15/09/2018,07:00,17n,15N,1.736797979,31.55892801,0,0,0,0,0,0,0,0,0,0,0,0,0,0,0,0,0,0,0,0,0,0
16/09/2018,07:45,17n,15N,1.736797979,31.55892801,0,0,0,0,0,0,0,0,0,0,0,1,0,0,0,0,0,0,0,0,0,0
17/09/2018,07:30,20l,20L,1.735033002,31.56350504,0,0,0,0,0,0,0,0,0,0,0,0,0,0,0,0,1,0,0,0,0,0
19/09/2018,07:15,20n,20N,1.736679962,31.56330002,0,1,0,0,0,0,1,1,0,0,0,1,0,0,0,1,1,0,0,0,0,0
20/09/2018,07:30,20n,20N,1.736679962,31.56330002,0,0,0,0,0,0,1,1,0,0,0,0,0,0,0,1,0,0,0,0,0,0
22/09/2018,09:45,25p,25P,1.739358986,31.56804199,1,0,0,1,1,0,0,0,0,1,0,0,0,0,0,0,0,0,0,1,0,0
25/09/2018,07:30,25p,25P,1.739358986,31.56804199,0,0,0,0,0,0,1,0,0,0,0,0,0,0,0,0,0,0,0,1,1,0
26/09/2018,09:30,32p,30P,1.739380024,31.57213404,0,0,0,1,0,0,0,0,0,0,0,0,0,0,0,0,0,0,0,0,0,0
27/09/2018,07:15,20n,20N,1.736679962,31.56330002,0,0,0,0,0,1,0,0,1,1,0,0,0,1,1,1,0,0,0,0,0,0
28/09/2018,08:15,25p,25P,1.739358986,31.56804199,0,0,0,0,0,0,0,0,0,0,0,0,0,0,0,0,0,0,0,0,0,0
29/09/2018,07:45,20n,20N,1.736679962,31.56330002,0,0,0,0,0,0,0,0,0,0,0,0,0,0,0,0,0,0,0,0,0,0
30/09/2018,09:45,25d,25D,1.727356017,31.567857,0,0,0,0,0,0,0,0,0,0,1,0,0,0,0,0,0,0,0,0,0,0
01/10/2018,09:15,30r,30R,1.740334975,31.57222398,0,0,1,1,0,1,0,0,0,0,0,0,0,0,0,0,0,0,0,0,0,0
02/10/2018,08:00,35p,35P,1.738795973,31.57720702,0,0,0,0,0,0,0,0,0,0,0,0,0,0,0,0,0,0,0,0,0,0
03/10/2018,07:45,32n,30N,1.737150019,31.57219699,0,0,0,0,0,0,0,0,0,0,0,0,0,0,0,0,0,0,0,0,0,0
04/10/2018,09:45,32p,30P,1.739380024,31.57213404,0,0,0,0,0,0,0,0,0,1,0,0,0,0,0,1,0,0,0,0,0,0
05/10/2018,12:00,32f,30F,1.729244962,31.57237401,0,1,0,1,0,0,1,0,0,0,0,0,0,1,1,0,0,0,0,0,1,0
06/10/2018,08:15,30h,30H,1.731982995,31.57225801,0,0,0,0,0,0,1,0,0,0,0,0,1,0,0,0,0,1,0,0,0,0
07/10/2018,07:45,30n,30N,1.737150019,31.57219699,0,0,0,0,0,0,0,1,0,0,0,0,0,1,0,0,0,0,0,0,0,0
08/10/2018,08:15,32p,30P,1.739380024,31.57213404,0,0,0,0,0,0,0,0,0,0,0,0,0,0,0,0,0,0,0,0,0,0
10/10/2018,13:00,32p,30P,1.739380024,31.57213404,0,0,0,0,0,1,0,1,0,0,0,0,0,0,0,0,0,1,0,0,0,0
11/10/2018,08:45,30p,30P,1.739380024,31.57213404,0,0,0,1,0,0,0,1,0,0,0,0,0,1,0,0,0,0,0,0,0,0
12/10/2018,07:45,30p,30P,1.739380024,31.57213404,0,0,0,0,0,0,0,0,0,0,0,0,0,0,0,0,0,0,0,0,0,0
13/10/2018,08:00,32l,30L,1.735002995,31.57228701,0,0,0,0,0,0,0,0,0,0,0,0,0,0,0,0,0,0,0,0,0,0
14/10/2018,08:45,32h,30H,1.731982995,31.57225801,0,1,0,0,0,0,0,0,0,0,0,0,0,0,1,0,0,0,0,0,0,0
15/10/2018,09:15,30h,30H,1.731982995,31.57225801,0,0,0,0,0,0,0,0,0,0,0,0,0,0,0,0,0,0,0,0,0,0
16/10/2018,08:00,27j,25J,1.733472962,31.567842,0,0,0,0,0,0,1,0,0,0,0,0,0,0,0,0,0,0,0,0,1,0
17/10/2018,09:00,37l,35L,1.735000983,31.57721599,0,0,0,1,0,0,0,0,0,0,0,0,0,0,0,0,0,1,0,0,0,0
18/10/2018,08:00,30h,30H,1.731982995,31.57225801,0,1,0,0,0,0,1,0,0,0,0,0,0,0,0,0,0,0,0,0,0,0
19/10/2018,08:00,32p,30P,1.739380024,31.57213404,0,0,0,0,0,0,0,0,0,0,0,0,0,0,0,0,0,0,0,0,0,0
20/10/2018,08:00,32n,30N,1.737150019,31.57219699,0,0,0,0,0,0,0,1,0,0,0,0,0,0,1,0,0,0,0,0,0,0
21/10/2018,09:15,35j,35J,1.733449996,31.57691499,0,0,1,0,0,0,0,0,0,0,0,0,1,0,0,0,0,0,0,0,0,0
23/10/2018,08:15,32f,30F,1.729244962,31.57237401,0,0,0,0,0,0,0,0,0,0,0,0,0,0,0,0,0,0,0,0,0,1
24/10/2018,08:45,30r,30R,1.740334975,31.57222398,0,0,1,1,0,1,0,0,0,0,0,1,1,0,0,0,0,0,0,0,0,0
26/10/2018,07:15,35b,35B,1.726059001,31.57727097,0,0,0,0,0,0,0,1,0,0,0,0,0,0,1,0,0,1,0,0,0,0
27/10/2018,08:00,35r,35R,1.740344027,31.57725899,0,0,0,1,0,0,0,0,0,0,0,0,0,0,0,0,0,0,0,0,0,0
28/10/2018,09:15,30r,30R,1.740334975,31.57222398,0,1,0,1,0,1,0,0,0,0,0,1,0,0,1,0,0,0,0,0,0,0
30/10/2018,08:00,30r,30R,1.740334975,31.57222398,0,1,1,0,0,1,0,0,0,0,0,0,0,1,0,0,0,0,0,0,0,0
02/11/2018,09:45,30r,30R,1.740334975,31.57222398,0,1,0,1,0,0,0,0,0,0,0,1,0,0,0,0,0,0,0,0,0,0
03/11/2018,11:00,25V,25V,1.746960031,31.56784502,0,0,0,0,0,0,0,0,0,1,0,0,0,1,1,1,0,0,1,0,0,0
04/11/2018,10:30,25v,25V,1.746960031,31.56784502,0,1,0,1,0,0,0,0,1,1,0,0,0,1,1,0,0,1,0,1,1,0
05/11/2018,12:00,30r,30R,1.740334975,31.57222398,0,1,1,1,0,1,0,1,0,1,0,1,1,1,1,0,0,0,1,1,1,0
06/11/2018,09:00,35r,35R,1.740344027,31.57725899,0,0,1,1,0,0,0,0,0,0,0,0,0,0,0,0,0,0,0,0,0,0
07/11/2018,09:30,25t,25T,1.744286036,31.56784301,1,0,0,0,0,0,0,0,0,0,0,0,0,0,0,0,0,0,0,0,0,0
08/11/2018,07:30,30r,30R,1.740334975,31.57222398,0,0,0,0,0,0,0,0,0,0,0,0,0,0,0,0,0,0,0,0,0,0
09/11/2018,07:45,30r,30R,1.740334975,31.57222398,1,0,0,0,0,0,0,0,0,0,0,0,0,0,0,0,0,0,0,0,0,0
10/11/2018,11:00,30r,30R,1.740334975,31.57222398,0,0,0,1,0,0,0,0,0,1,0,1,0,0,0,0,0,0,0,0,1,0
11/11/2018,08:15,35r,35R,1.740344027,31.57725899,0,0,0,1,0,0,0,0,0,0,0,0,0,0,1,0,0,0,0,0,0,0
13/11/2018,08:45,30r,30R,1.740334975,31.57222398,0,0,1,0,0,0,0,0,0,0,0,0,1,0,0,0,0,0,0,0,0,0
14/11/2018,09:00,35p,35P,1.738795973,31.57720702,0,0,0,0,0,0,0,0,0,0,0,0,0,0,0,0,0,0,0,0,0,0
15/11/2018,09:45,37r,35R,1.740344027,31.57725899,0,0,0,0,0,0,0,0,0,0,0,0,0,0,0,0,0,0,0,0,0,0
16/11/2018,11:45,30r,30R,1.740334975,31.57222398,0,0,0,0,0,0,0,0,0,0,0,0,0,0,0,0,0,0,0,0,0,0
17/11/2018,09:45,25r,25R,1.740493979,31.56802297,0,0,0,0,0,0,0,0,0,0,0,0,0,0,0,0,0,0,1,1,0,0
18/11/2018,08:00,25t,25T,1.744286036,31.56784301,0,0,0,0,0,0,0,0,0,0,0,0,0,0,0,0,0,0,1,0,0,0
19/11/2018,07:45,25t,25T,1.744286036,31.56784301,0,0,0,0,0,0,0,1,0,0,0,0,0,0,0,0,0,0,0,1,1,0
20/11/2018,08:30,25t,25T,1.744286036,31.56784301,0,0,0,0,0,0,0,0,0,0,0,0,0,0,0,0,0,0,0,0,0,0
21/11/2018,08:00,30t,30T,1.74419702,31.57227402,0,0,0,0,0,0,0,0,0,0,0,0,1,0,1,1,0,0,0,0,0,0
22/11/2018,09:30,35R,35R,1.740344027,31.57725899,0,0,0,0,0,0,0,0,0,0,0,1,0,0,0,0,0,1,0,0,1,1
23/11/2018,10:30,32f,30F,1.729244962,31.57237401,0,0,0,0,0,0,0,1,0,0,0,0,0,0,0,0,0,0,0,0,1,0
24/11/2018,09:00,20v,20V,1.746970005,31.56334997,0,0,0,0,0,0,0,0,1,0,0,1,0,0,0,1,0,0,0,0,0,1
26/11/2018,07:45,25v,25V,1.746960031,31.56784502,0,0,0,0,0,0,0,0,1,0,0,0,0,0,0,0,0,0,0,0,0,0
27/11/2018,09:45,30t,30T,1.74419702,31.57227402,1,0,0,0,0,0,0,0,0,1,0,0,0,0,0,0,0,0,1,0,0,0
29/11/2018,10:45,40n,40N,1.737354035,31.581217,0,0,0,1,0,0,0,0,0,0,0,0,0,0,0,0,0,0,1,0,1,0
30/11/2018,09:00,30r,30R,1.740334975,31.57222398,0,0,0,1,0,0,0,0,0,0,0,0,0,0,1,0,0,0,0,0,0,0
01/12/2018,07:30,20r,20R,1.740444023,31.56336204,0,1,0,0,0,0,0,0,0,0,0,1,0,0,1,0,0,0,0,0,0,0
02/12/2018,10:15,30r,30R,1.740334975,31.57222398,0,0,0,0,0,0,0,0,0,0,0,0,1,0,0,1,0,0,0,0,0,0
03/12/2018,12:00,30r,30R,1.740334975,31.57222398,0,0,0,0,0,0,0,0,0,0,0,0,1,0,0,0,0,0,0,0,0,0
04/12/2018,10:00,37n,35N,1.737316987,31.57718296,0,0,0,1,0,0,0,0,0,0,0,0,0,0,0,1,0,0,0,0,0,0
05/12/2018,07:45,40f,40F,1.729233982,31.58134801,0,0,0,0,0,0,0,0,0,0,0,0,1,0,0,0,0,0,0,0,1,0
06/12/2018,10:15,25r,25R,1.740493979,31.56802297,0,0,0,0,0,1,0,0,0,1,0,0,0,0,1,0,0,1,0,0,0,0
07/12/2018,07:15,22r,20R,1.740444023,31.56336204,0,1,0,0,0,0,0,0,0,0,0,0,0,0,0,0,0,0,0,0,0,0
08/12/2018,07:15,17f,15F,1.72976397,31.55887504,0,0,0,1,0,0,0,1,0,0,0,0,0,0,0,1,0,0,0,0,0,0
09/12/2018,08:00,30d,30D,1.727519967,31.57217402,0,0,0,0,0,0,0,0,0,0,0,0,0,0,0,0,0,0,0,0,1,0
10/12/2018,07:30,30h,30H,1.731982995,31.57225801,0,1,0,0,0,0,0,0,0,0,0,0,0,0,0,0,0,0,0,0,0,0
11/12/2018,08:15,17j,15J,1.733443039,31.55888996,0,0,1,1,0,0,0,1,1,0,0,0,0,1,0,0,0,0,1,0,0,0
12/12/2018,07:45,17h,15H,1.731914012,31.55885903,0,1,0,0,0,0,1,0,0,0,0,0,0,0,0,0,0,0,0,0,1,0
13/12/2018,07:15,32f,30F,1.729244962,31.57237401,0,0,0,0,0,0,0,0,0,1,0,0,0,0,1,0,0,0,0,0,1,0
14/12/2018,07:15,302,302,1.721977433,31.57211677,0,0,0,0,0,0,0,0,0,0,0,0,0,0,0,0,0,0,1,0,0,0
15/12/2018,07:30,22p,20P,1.739070984,31.56355499,0,0,0,0,0,0,0,0,0,0,0,0,0,0,0,0,0,0,0,0,0,0
16/12/2018,08:00,21p,20P,1.739070984,31.56355499,0,0,0,0,0,0,0,0,0,0,0,0,0,0,0,0,0,0,0,0,0,0
17/12/2018,08:15,37p,35P,1.738795973,31.57720702,0,0,0,0,0,0,0,0,0,1,0,0,0,0,0,1,0,0,1,1,0,0
18/12/2018,13:30,40d,40D,1.727584004,31.58135002,0,0,0,1,0,0,0,0,0,0,0,0,0,0,0,0,0,0,0,1,0,1
19/12/2018,09:15,322,304,1.719636032,31.57230503,0,0,0,1,0,1,0,0,0,0,0,0,0,0,0,1,0,0,0,0,0,0
20/12/2018,08:15,30f,30F,1.729244962,31.57237401,0,0,0,0,0,1,0,1,1,1,0,1,1,0,1,1,0,0,1,0,0,0
22/12/2018,09:15,22f,20F,1.729677971,31.56344804,0,0,0,0,0,1,1,1,0,1,0,0,1,0,0,0,0,1,1,0,1,0
23/12/2018,07:30,32n,30N,1.737150019,31.57219699,0,0,1,1,0,0,0,1,0,0,0,0,0,1,0,0,0,0,1,1,0,0
27/12/2018,07:45,29f,25F,1.72952299,31.56782297,0,0,0,1,0,0,1,0,0,0,0,0,0,0,0,0,0,0,0,0,0,0
28/12/2018,08:15,30r,30R,1.740334975,31.57222398,0,0,0,0,0,0,0,1,1,1,0,0,0,0,0,1,0,1,0,0,1,0
29/12/2018,07:30,29f,25F,1.72952299,31.56782297,1,0,0,1,0,1,0,1,0,0,0,1,0,0,0,1,0,0,1,1,0,0
30/12/2018,08:00,27f,25F,1.72952299,31.56782297,0,0,0,0,0,0,0,0,0,0,0,0,0,0,0,0,0,0,0,0,0,0
31/12/2018,08:15,290,250,1.720032999,31.54681097,0,1,0,0,0,0,0,0,0,0,0,0,0,0,0,0,0,0,1,0,0,0
02/01/2019,13:15,35r,35R,1.740344027,31.57725899,0,1,0,0,0,0,1,1,1,1,0,1,1,1,0,1,1,1,0,0,0,1
03/01/2019,08:30,30r,30R,1.740334975,31.57222398,0,1,1,0,0,0,0,0,1,0,0,0,0,1,0,0,0,1,0,0,0,1
04/01/2019,08:00,16d,15D,1.727719037,31.55893103,0,0,0,0,0,0,0,0,1,0,0,1,0,0,0,0,0,0,0,0,0,0
05/01/2019,07:30,29f,25F,1.72952299,31.56782297,0,0,0,0,0,0,0,0,0,0,0,1,0,0,0,1,0,0,0,0,0,1
06/01/2019,08:30,17f,15F,1.72976397,31.55887504,0,0,0,0,0,0,0,1,0,0,0,0,0,0,0,1,0,0,0,0,0,0
07/01/2019,07:45,25b,25B,1.725720959,31.56794501,0,1,0,0,0,0,1,0,0,0,0,1,1,1,0,0,0,0,0,0,0,0
08/01/2019,10:30,12d,10D,1.728045009,31.55418403,0,0,0,0,0,0,0,0,0,0,0,0,0,0,0,0,0,1,0,0,0,0
09/01/2019,08:30,29d,25D,1.727356017,31.567857,0,0,0,0,0,0,0,1,0,0,0,0,0,0,0,0,0,0,1,0,1,1
10/01/2019,07:45,32n,30N,1.737150019,31.57219699,0,0,0,1,0,0,0,1,0,0,0,0,0,0,0,0,0,0,0,1,1,0
11/01/2019,08:15,27b,25B,1.725720959,31.56794501,0,0,0,0,0,0,1,0,0,0,0,0,0,0,0,0,0,0,0,0,0,1
12/01/2019,08:00,25f,25F,1.72952299,31.56782297,0,0,0,0,0,0,0,0,0,1,0,0,0,0,0,0,0,0,0,1,0,0
13/01/2019,09:15,16d,15D,1.727719037,31.55893103,0,0,0,1,0,0,0,0,0,0,0,0,0,0,0,0,0,0,1,0,0,0
14/01/2019,09:30,17f,15F,1.72976397,31.55887504,0,0,0,1,0,0,0,0,0,0,0,0,0,0,0,0,0,0,0,0,0,0
15/01/2019,08:15,25f,25F,1.72952299,31.56782297,0,0,0,0,0,1,0,0,0,0,0,0,0,0,0,0,0,0,1,0,0,0
16/01/2019,09:00,37n,35N,1.737316987,31.57718296,0,0,0,0,0,0,0,0,0,0,0,0,0,0,0,0,0,0,0,0,0,0
17/01/2019,07:45,17f,15F,1.72976397,31.55887504,0,0,0,0,0,0,0,0,0,0,0,0,0,0,0,0,0,0,1,0,0,0
18/01/2019,08:30,30j,30J,1.733300965,31.57212901,0,1,0,1,0,1,0,0,0,0,0,1,0,0,0,1,0,1,0,0,1,0
19/01/2019,08:00,21f,20F,1.729677971,31.56344804,0,0,0,0,0,0,1,0,1,0,0,0,0,0,0,1,0,0,0,0,0,0
20/01/2019,08:30,16f,15F,1.72976397,31.55887504,0,0,0,0,0,0,0,0,0,0,0,0,0,0,1,0,0,0,0,0,0,0
22/01/2019,07:45,16d,15D,1.727719037,31.55893103,0,0,0,1,0,0,0,0,0,0,0,1,0,0,0,0,0,0,1,0,0,1
23/01/2019,08:30,30f,30F,1.729244962,31.57237401,0,0,0,0,0,1,0,0,0,0,0,0,0,1,0,0,0,0,0,0,0,1
24/01/2019,07:30,30f,30F,1.729244962,31.57237401,0,0,0,1,0,1,0,1,0,1,0,0,0,1,1,0,0,0,0,1,0,0
25/01/2019,07:45,17f,15F,1.72976397,31.55887504,0,0,0,0,0,0,0,0,0,0,0,0,0,0,0,0,0,0,1,0,1,0
26/01/2019,08:15,25f,25F,1.72952299,31.56782297,0,1,0,0,0,0,0,0,1,0,0,0,0,0,1,0,0,0,0,0,0,0
29/01/2019,08:45,17d,15D,1.727719037,31.55893103,0,0,0,1,0,1,0,0,0,0,0,0,1,0,0,0,0,0,0,0,0,1
30/01/2019,07:45,22d,20D,1.727420976,31.563369,0,0,0,1,0,1,1,1,1,1,0,1,1,1,1,1,0,1,1,1,1,0
31/01/2019,08:00,32p,30P,1.739380024,31.57213404,0,0,0,0,0,0,0,0,0,0,0,0,0,0,0,0,0,0,0,0,0,0
01/02/2019,07:30,27d,25D,1.727356017,31.567857,0,0,0,1,0,0,1,0,0,0,0,0,1,0,0,0,0,0,0,0,0,0
02/02/2019,13:45,25l,25L,1.735076001,31.56786497,0,1,0,1,0,0,0,0,1,0,0,0,1,1,1,0,0,0,0,0,1,0
03/02/2019,07:45,20 0,20 0,1.724181036,31.56353001,1,0,1,1,0,1,0,1,1,0,0,1,0,0,1,1,0,1,1,1,1,1
04/02/2019,09:30,32l,30L,1.735002995,31.57228701,0,0,0,0,0,0,0,0,0,0,0,0,0,0,0,0,0,0,1,0,0,0
05/02/2019,08:00,25d,25D,1.727356017,31.567857,0,0,0,0,0,0,1,0,0,0,0,0,0,0,0,0,0,0,0,0,0,0
07/02/2019,07:30,25d,25D,1.727356017,31.567857,0,0,0,0,0,0,0,0,0,0,0,0,0,0,0,0,0,0,0,0,0,0
08/02/2019,08:15,37b,35B,1.726059001,31.57727097,0,0,0,0,0,0,0,1,0,1,0,0,0,0,1,0,0,0,0,1,1,0
11/02/2019,10:00,22n,20N,1.736679962,31.56330002,0,1,0,1,0,0,0,1,0,0,0,1,1,0,0,1,0,0,0,1,1,0
12/02/2019,08:00,20 0,20 0,1.724181036,31.56353001,0,0,0,0,0,0,0,0,1,0,0,0,0,0,0,0,0,0,0,0,0,0
13/02/2019,07:30,220,20 0,1.724181036,31.56353001,0,0,0,0,0,0,0,0,0,0,0,0,0,0,1,0,0,0,0,0,1,0
14/02/2019,10:00,13r,10R,1.740615517,31.55405478,0,1,0,1,0,0,0,0,1,0,0,1,0,0,0,0,0,1,0,1,0,0
15/02/2019,07:30,220,20 0,1.724181036,31.56353001,0,1,0,0,0,0,1,0,0,0,0,0,1,0,0,0,0,0,0,0,0,0
17/02/2019,08:15,30f,30F,1.729244962,31.57237401,0,0,1,1,0,0,0,1,0,0,0,1,0,0,1,0,0,0,0,1,0,0
18/02/2019,09:15,17b,15B,1.725589028,31.55888996,0,0,0,0,0,0,1,0,0,0,0,0,0,0,0,0,0,0,0,1,0,0
19/02/2019,08:00,170,150,1.723919017,31.55896598,0,0,0,0,0,0,1,0,0,0,0,0,0,0,0,0,1,0,0,0,0,0
20/02/2019,07:30,17b,15B,1.725589028,31.55888996,0,0,0,0,0,0,0,0,0,0,0,0,0,0,0,0,0,0,0,0,0,0
21/02/2019,07:45,17b,15B,1.725589028,31.55888996,0,0,0,0,0,0,0,0,0,0,0,0,0,0,0,0,0,0,0,0,0,1
22/02/2019,08:45,220,20 0,1.724181036,31.56353001,0,0,1,1,0,0,0,0,0,0,0,0,0,0,1,0,0,0,0,0,1,0
23/02/2019,08:30,20 0,20 0,1.724181036,31.56353001,0,0,0,0,0,0,1,0,0,0,0,0,0,0,0,0,0,0,0,0,0,0
24/02/2019,10:00,30j,30J,1.733300965,31.57212901,0,0,0,0,0,0,0,0,0,0,0,0,0,0,0,0,0,1,0,0,0,0
25/02/2019,07:30,170,150,1.723919017,31.55896598,0,0,0,0,0,0,0,0,0,0,0,0,0,1,0,0,1,0,0,1,1,1
26/02/2019,07:30,17b,15B,1.725589028,31.55888996,0,0,0,0,0,1,0,0,1,0,0,0,0,0,0,0,0,0,1,0,1,0
27/02/2019,07:00,20 0,20 0,1.724181036,31.56353001,0,1,0,0,0,0,0,0,1,0,0,1,0,0,0,1,0,0,0,1,0,0
28/02/2019,07:15,20 0,20 0,1.724181036,31.56353001,0,0,0,0,0,0,0,0,0,0,0,0,0,0,0,0,1,0,1,0,1,0
01/03/2019,09:00,17j,15J,1.733443039,31.55888996,0,0,0,0,0,1,1,0,0,0,0,0,0,1,0,1,0,1,0,1,0,0
02/03/2019,09:00,17j,15J,1.733443039,31.55888996,0,0,0,0,0,1,0,0,0,0,0,0,0,0,0,0,0,0,0,0,0,0
06/03/2019,07:45,16b,15B,1.725589028,31.55888996,0,1,0,1,0,0,0,1,0,0,0,0,1,1,1,0,0,1,0,0,1,1
07/03/2019,08:45,16b,15B,1.725589028,31.55888996,0,0,0,0,0,1,0,1,0,0,0,0,0,0,0,0,0,0,0,0,0,0
11/03/2019,07:30,20 0,20 0,1.724181036,31.56353001,0,0,0,0,0,0,0,0,0,0,0,0,0,0,0,0,0,0,0,0,0,0
12/03/2019,07:45,22b,20B,1.725783991,31.56343102,0,0,1,1,0,0,0,0,0,0,0,0,0,0,0,0,0,1,0,0,0,0
13/03/2019,10:30,21f,20F,1.729677971,31.56344804,0,1,0,0,0,0,0,1,1,0,0,0,0,0,1,1,0,0,0,0,0,0
14/03/2019,08:00,20 0,20 0,1.724181036,31.56353001,0,0,0,0,0,0,1,0,0,0,0,0,0,0,0,0,0,0,0,0,0,0
16/03/2019,08:00,20f,20F,1.729677971,31.56344804,0,0,0,0,0,0,0,0,0,1,0,0,0,0,0,0,0,1,1,0,0,0
18/03/2019,07:30,20 0,20 0,1.724181036,31.56353001,0,0,0,0,0,0,0,1,0,0,0,0,0,0,0,0,0,0,0,0,0,0
19/03/2019,11:45,17l,15L,1.735025961,31.55892701,0,0,1,0,0,0,0,1,0,1,0,0,0,0,0,0,0,0,0,0,1,0
20/03/2019,08:00,20l,20L,1.735033002,31.56350504,0,0,0,0,0,0,0,0,0,0,0,0,0,0,0,0,0,0,0,0,0,0
21/03/2019,09:30,25b,25B,1.725720959,31.56794501,0,0,0,0,0,0,0,1,0,0,0,1,1,0,1,0,0,1,1,0,0,1
23/03/2019,08:15,25b,25B,1.725720959,31.56794501,0,1,0,0,0,0,1,1,1,0,0,0,1,0,0,1,0,0,0,0,0,0
25/03/2019,10:15,20r,20R,1.740444023,31.56336204,1,1,0,0,0,0,1,0,1,0,0,1,0,1,0,1,0,1,0,0,0,1
27/03/2019,08:00,20f,20F,1.729677971,31.56344804,0,0,0,0,0,0,0,0,0,0,0,0,0,0,0,0,0,0,0,0,0,0
28/03/2019,08:30,20f,20F,1.729677971,31.56344804,0,0,0,0,0,0,0,0,0,0,0,0,0,0,0,0,0,0,0,0,0,0
30/03/2019,08:15,35j,35J,1.733449996,31.57691499,0,0,0,1,1,0,1,1,0,0,0,0,0,0,0,0,0,1,0,0,1,1
31/03/2019,08:00,20f,20F,1.729677971,31.56344804,0,0,0,0,0,0,0,0,0,0,0,0,0,0,0,0,0,0,0,0,0,0
01/04/2019,08:00,27d,25D,1.727356017,31.567857,0,0,0,0,0,0,0,0,0,0,0,0,0,0,0,0,0,0,0,0,0,0
02/04/2019,08:45,35j,35J,1.733449996,31.57691499,1,1,0,0,0,0,1,1,1,0,0,1,0,0,0,1,0,0,0,0,0,1
04/04/2019,10:00,21h,20H,1.731942007,31.56338601,0,0,0,0,0,0,0,0,0,0,0,0,0,0,0,0,0,0,0,0,0,0
05/04/2019,07:30,21h,20H,1.731942007,31.56338601,0,1,0,0,0,0,0,0,0,0,0,0,0,0,0,0,0,0,0,0,0,0
06/04/2019,08:00,21h,20H,1.731942007,31.56338601,0,0,0,0,0,0,0,0,0,0,0,0,0,0,0,0,0,0,0,0,1,0
07/04/2019,07:30,27h,25H,1.731971009,31.56793102,0,0,0,0,0,0,0,0,0,0,0,0,1,0,0,0,0,0,1,0,0,0
08/04/2019,08:00,22n,20N,1.736679962,31.56330002,0,0,0,0,0,1,1,0,1,1,0,0,0,1,0,1,0,0,0,0,0,0
09/04/2019,09:00,29n,25N,1.736929994,31.56783496,0,0,0,0,0,0,0,0,0,0,0,0,0,0,0,0,0,0,0,0,0,0
10/04/2019,08:15,30n,30N,1.737150019,31.57219699,0,0,0,0,0,0,0,0,0,1,0,0,0,0,0,0,0,0,0,0,0,0
11/04/2019,07:45,25p,25P,1.739358986,31.56804199,0,0,0,0,0,0,0,0,0,0,0,0,0,0,0,0,0,0,0,0,0,0
12/04/2019,08:45,32h,30H,1.731982995,31.57225801,0,0,0,1,0,0,0,0,0,1,0,0,0,0,1,0,0,0,0,0,0,0
13/04/2019,10:45,22n,20N,1.736679962,31.56330002,0,1,0,0,0,0,0,0,1,0,0,0,0,0,0,1,0,0,0,0,0,0
15/04/2019,09:30,29l,25L,1.735076001,31.56786497,1,0,0,1,0,0,0,0,0,0,0,0,0,0,0,0,0,0,0,0,0,0
17/04/2019,10:30,30l,30L,1.735002995,31.57228701,0,0,0,0,0,0,0,0,0,0,0,0,0,0,0,0,0,0,0,0,0,0
18/04/2019,08:45,32j,30J,1.733300965,31.57212901,0,1,0,0,0,0,0,0,0,0,0,0,0,1,1,0,0,0,0,0,0,0
23/04/2019,08:30,32l,30L,1.735002995,31.57228701,0,1,0,1,0,0,0,0,0,0,0,0,0,0,1,1,0,0,0,0,0,0
25/04/2019,08:45,30n,30N,1.737150019,31.57219699,0,0,0,0,0,1,0,0,0,0,0,0,0,0,1,0,0,0,0,0,0,0
27/04/2019,10:30,32l,30L,1.735002995,31.57228701,1,0,0,0,0,1,0,0,0,0,0,0,0,0,1,0,0,0,1,0,1,0
28/04/2019,07:45,30n,30N,1.737150019,31.57219699,1,0,1,0,0,1,0,1,0,0,0,0,0,0,0,0,0,0,0,0,1,0
29/04/2019,09:30,30r,30R,1.740334975,31.57222398,0,0,1,1,0,0,0,0,0,1,0,0,0,0,1,0,0,0,0,0,1,0
30/04/2019,09:15,35l,35L,1.735000983,31.57721599,0,0,0,0,0,0,0,1,0,0,0,0,0,0,0,0,0,0,0,0,0,0
02/05/2019,09:45,32l,30L,1.735002995,31.57228701,0,1,0,0,0,0,0,0,0,0,0,0,1,0,1,0,0,0,0,1,0,0
04/05/2019,09:00,25r,25R,1.740493979,31.56802297,0,0,0,1,0,0,0,0,0,0,0,0,0,1,1,0,0,1,0,0,0,0
05/05/2019,09:30,15t,15T,1.744327024,31.55889197,0,0,0,0,0,1,0,0,0,0,0,0,0,0,1,0,0,0,0,0,0,0
06/05/2019,07:30,25r,25R,1.740493979,31.56802297,0,0,0,0,0,0,0,0,1,0,0,1,0,0,1,0,0,0,1,1,0,0
07/05/2019,07:30,20n,20N,1.736679962,31.56330002,0,0,0,0,0,0,1,0,0,0,0,0,0,0,0,0,1,0,0,0,0,0
08/05/2019,07:30,20n,20N,1.736679962,31.56330002,0,0,0,0,0,0,0,0,0,0,0,0,0,0,0,0,1,0,0,0,0,0
10/05/2019,08:15,20n,20N,1.736679962,31.56330002,0,0,0,0,0,0,1,0,0,0,0,0,0,0,0,0,0,0,0,0,0,0
13/05/2019,09:00,37f,35F,1.729291985,31.57722998,0,0,0,0,0,0,0,1,0,1,0,0,0,0,0,0,0,0,0,0,0,0
14/05/2019,07:45,32l,30L,1.735002995,31.57228701,0,0,0,0,0,0,0,0,1,0,0,0,1,0,0,0,0,1,0,0,0,0
15/05/2019,09:00,40R,40R,1.74070403,31.581015,0,0,0,0,0,0,0,0,1,0,0,0,0,0,0,1,0,0,0,0,1,0
16/05/2019,09:45,37n,35N,1.737316987,31.57718296,0,0,0,0,0,0,0,0,0,0,0,0,0,0,0,0,0,0,0,0,0,0
18/05/2019,07:45,25r,25R,1.740493979,31.56802297,0,1,0,0,0,0,0,0,0,0,0,0,0,0,1,0,0,0,0,1,0,0
19/05/2019,10:00,25r,25R,1.740493979,31.56802297,0,0,0,0,0,0,0,0,0,1,0,0,0,0,0,0,0,0,0,0,0,0
20/05/2019,08:00,25P,25P,1.739358986,31.56804199,0,1,0,0,0,0,0,0,0,0,0,0,0,0,0,0,0,0,0,0,1,0
21/05/2019,09:00,25r,25R,1.740493979,31.56802297,0,0,0,0,0,0,0,0,0,0,0,0,0,0,0,0,0,1,0,0,0,0
22/05/2019,14:00,25r,25R,1.740493979,31.56802297,0,0,0,0,0,0,0,0,0,0,0,0,0,0,0,0,0,0,0,0,0,0
24/05/2019,09:00,27f,25F,1.72952299,31.56782297,0,0,0,0,0,0,0,0,0,0,0,0,0,0,0,0,0,0,0,0,0,0
27/05/2019,08:30,32n,30N,1.737150019,31.57219699,0,0,0,0,0,0,0,1,0,0,0,0,0,0,0,0,0,0,0,0,0,0
28/05/2019,08:15,29l,25L,1.735076001,31.56786497,0,0,0,0,0,0,0,0,0,0,0,0,0,0,0,0,0,0,0,1,0,0
29/05/2019,09:30,32p,30P,1.739380024,31.57213404,0,1,0,0,0,0,0,1,0,1,0,0,0,0,1,0,0,0,0,0,0,0
30/05/2019,08:30,30r,30R,1.740334975,31.57222398,0,0,0,0,0,0,0,0,0,1,0,0,0,0,0,0,0,0,0,0,0,0
31/05/2019,07:30,27h,25H,1.731971009,31.56793102,0,1,0,0,0,0,0,0,1,0,0,0,0,0,0,0,0,0,0,0,0,0
02/06/2019,08:00,35r,35R,1.740344027,31.57725899,0,1,0,0,0,1,0,1,0,0,0,0,1,0,0,0,0,1,1,0,0,0
05/06/2019,08:00,30r,30R,1.740334975,31.57222398,0,0,0,0,0,0,0,0,0,1,0,0,0,0,0,0,0,0,0,0,0,0
06/06/2019,08:00,32p,30P,1.739380024,31.57213404,0,0,0,1,1,0,0,0,0,0,0,0,0,0,0,0,0,0,0,1,0,0
08/06/2019,08:30,30R,30R,1.740334975,31.57222398,1,0,0,1,0,0,0,0,0,0,0,1,0,0,0,0,0,0,0,1,0,0
10/06/2019,13:45,35r,35R,1.740344027,31.57725899,0,0,0,1,0,0,0,0,0,0,0,0,0,0,0,0,0,0,0,1,0,0
12/06/2019,09:15,35r,35R,1.740344027,31.57725899,0,0,0,1,0,0,0,1,0,0,0,0,0,1,0,0,0,0,0,1,0,0
13/06/2019,09:15,35r,35R,1.740344027,31.57725899,0,0,0,1,0,0,0,0,0,0,0,0,0,0,0,0,0,0,0,1,0,0
14/06/2019,07:45,25p,25P,1.739358986,31.56804199,0,1,0,0,0,0,0,1,0,0,0,0,0,0,0,0,0,0,0,1,1,0
15/06/2019,11:45,40r,40R,1.74070403,31.581015,0,1,0,0,0,0,0,0,1,1,0,0,0,0,0,0,0,0,1,0,1,0
16/06/2019,10:30,35n,35N,1.737316987,31.57718296,0,0,0,0,0,0,0,0,0,0,0,0,0,0,0,0,0,1,0,0,0,1
17/06/2019,07:45,35p,35P,1.738795973,31.57720702,0,0,0,0,0,0,0,0,0,0,0,0,0,0,0,0,0,0,0,0,0,0
18/06/2019,08:30,37f,35F,1.729291985,31.57722998,0,0,0,1,0,1,0,0,1,0,0,1,1,1,1,1,0,1,1,0,1,1
19/06/2019,09:00,35p,35P,1.738795973,31.57720702,0,0,0,0,0,0,0,0,0,0,0,1,1,0,0,0,0,0,0,0,0,0
20/06/2019,08:15,35p,35P,1.738795973,31.57720702,0,0,0,0,0,0,0,0,0,0,0,0,0,0,0,0,0,0,0,0,0,0
21/06/2019,08:00,35p,35P,1.738795973,31.57720702,0,0,0,0,0,0,0,0,0,0,0,1,0,0,0,0,0,0,0,0,0,1
22/06/2019,12:15,32l,30L,1.735002995,31.57228701,0,0,0,1,0,0,0,0,0,0,0,0,0,0,0,0,0,0,0,0,0,0
23/06/2019,08:00,35n,35N,1.737316987,31.57718296,0,0,1,0,0,0,0,0,0,0,0,0,0,0,1,0,0,0,0,0,1,0
24/06/2019,08:00,35n,35N,1.737316987,31.57718296,0,0,0,0,1,0,0,1,0,0,0,0,0,0,0,0,0,0,1,0,0,0
25/06/2019,07:45,29n,25N,1.736929994,31.56783496,0,1,0,0,0,0,0,0,0,0,0,0,0,0,0,1,0,0,0,0,0,0
26/06/2019,07:45,32n,30N,1.737150019,31.57219699,0,1,0,0,0,0,1,0,0,0,0,0,0,0,0,1,0,0,0,0,0,0
27/06/2019,07:45,25n,25N,1.736929994,31.56783496,0,1,0,0,0,0,0,0,0,0,0,0,0,0,0,0,0,0,1,0,1,0
28/06/2019,08:30,27h,25H,1.731971009,31.56793102,0,0,1,0,0,0,0,0,0,0,0,0,0,0,0,0,0,0,0,0,0,0
29/06/2019,09:00,32n,30N,1.737150019,31.57219699,0,0,0,0,0,1,0,1,0,0,0,0,0,0,0,0,0,0,0,0,0,0
01/07/2019,07:30,27h,25H,1.731971009,31.56793102,0,0,1,0,0,1,0,1,1,0,0,0,0,0,0,0,0,0,0,0,0,0
02/07/2019,07:30,30j,30J,1.733300965,31.57212901,0,0,0,0,0,0,0,0,0,0,0,0,0,0,1,0,0,0,0,0,0,0
03/07/2019,07:45,32l,30L,1.735002995,31.57228701,0,0,1,0,0,0,0,0,0,0,0,0,0,0,0,0,0,0,1,0,0,1
04/07/2019,12:45,25l,25L,1.735076001,31.56786497,0,0,0,0,0,0,0,0,0,0,0,0,0,0,0,0,0,0,1,0,0,0
05/07/2019,07:30,27h,25H,1.731971009,31.56793102,1,1,1,0,0,0,0,0,1,0,0,0,0,0,0,0,0,0,0,0,0,0
06/07/2019,07:45,25j,25J,1.733472962,31.567842,0,0,0,0,0,0,0,0,0,0,0,0,0,0,0,0,0,0,0,0,0,0
07/07/2019,08:15,27h,25H,1.731971009,31.56793102,0,0,0,0,0,0,0,1,0,1,0,0,0,0,0,0,0,0,1,0,0,0
08/07/2019,09:00,27h,25H,1.731971009,31.56793102,0,0,0,0,0,0,0,0,0,0,0,0,0,0,0,0,0,0,0,0,0,0
09/07/2019,07:30,27h,25H,1.731971009,31.56793102,0,0,1,0,0,1,0,0,1,1,0,0,0,0,0,0,0,0,0,1,0,0
10/07/2019,07:45,27h,25H,1.731971009,31.56793102,1,0,0,0,0,1,0,1,0,1,0,0,0,0,1,0,0,0,0,0,0,0
11/07/2019,07:30,27h,25H,1.731971009,31.56793102,0,0,0,0,0,1,0,0,0,0,0,0,0,0,0,0,0,0,0,0,0,0
12/07/2019,08:30,22j,20J,1.733401967,31.56338199,0,0,0,0,0,1,0,0,0,0,0,0,0,0,0,0,0,0,0,1,0,0
16/07/2019,13:15,32p,30P,1.739380024,31.57213404,1,0,0,0,0,0,0,0,0,0,0,0,0,0,1,0,0,0,0,1,1,0
18/07/2019,07:45,30r,30R,1.740334975,31.57222398,0,0,0,0,0,0,0,0,0,0,0,0,0,0,0,0,0,0,0,0,0,0
19/07/2019,08:15,17n,15N,1.736797979,31.55892801,0,0,0,1,0,0,0,0,0,0,0,0,0,1,1,1,0,1,0,0,0,0
20/07/2019,07:15,17n,15N,1.736797979,31.55892801,0,0,0,1,0,0,0,1,0,0,0,0,0,0,0,0,0,0,0,0,1,0
21/07/2019,08:45,30r,30R,1.740334975,31.57222398,0,0,0,1,0,0,0,0,0,1,0,0,0,0,0,0,0,0,0,1,0,0
22/07/2019,07:30,30r,30R,1.740334975,31.57222398,0,0,0,0,0,1,0,0,1,0,0,0,0,0,0,0,0,0,0,0,0,0
23/07/2019,08:15,32r,30R,1.740334975,31.57222398,0,0,0,0,0,1,0,0,0,0,0,0,0,0,0,1,0,0,0,1,0,0
24/07/2019,08:30,32r,30R,1.740334975,31.57222398,0,0,0,0,0,0,0,0,0,0,0,0,0,0,0,0,0,0,0,0,0,0
25/07/2019,10:15,32j,30J,1.733300965,31.57212901,0,0,0,0,0,0,0,0,0,0,0,0,0,0,1,0,0,0,0,0,0,1
26/07/2019,10:30,27l,25L,1.735076001,31.56786497,0,0,0,0,0,0,0,1,0,0,0,0,0,0,0,1,0,0,0,0,0,0
27/07/2019,07:30,27l,25L,1.735076001,31.56786497,0,0,0,1,0,0,0,1,0,0,0,0,0,0,1,0,0,0,0,0,0,0
28/07/2019,09:30,27l,25L,1.735076001,31.56786497,0,0,0,0,0,1,0,0,0,1,0,0,0,0,0,0,0,0,0,0,0,0
29/07/2019,08:00,27l,25L,1.735076001,31.56786497,0,0,0,0,0,0,0,1,1,0,0,0,1,0,0,0,0,0,0,0,0,0
30/07/2019,10:30,17n,15N,1.736797979,31.55892801,0,0,0,0,0,0,0,0,1,0,0,0,0,0,0,0,0,0,0,0,0,0
01/08/2019,10:00,17N,15N,1.736797979,31.55892801,0,0,0,1,0,0,0,0,0,0,0,0,0,0,0,0,0,0,0,0,0,0
02/08/2019,07:45,17n,15N,1.736797979,31.55892801,0,0,0,0,0,0,0,0,0,0,0,0,0,0,0,0,0,0,0,0,0,0
03/08/2019,08:00,27l,25L,1.735076001,31.56786497,0,0,0,0,0,0,0,0,0,0,0,0,0,0,0,0,0,0,0,0,0,0
04/08/2019,07:30,27l,25L,1.735076001,31.56786497,0,0,0,0,0,0,0,0,0,0,0,1,0,0,0,0,0,0,0,1,0,0
05/08/2019,12:15,27l,25L,1.735076001,31.56786497,0,0,0,0,0,0,0,1,1,0,0,0,0,0,0,1,0,0,0,0,0,0
06/08/2019,12:30,17p,15P,1.738765966,31.55887898,0,0,0,0,0,0,0,0,0,0,0,0,0,0,0,0,0,0,0,0,0,0
07/08/2019,08:30,27l,25L,1.735076001,31.56786497,0,0,0,0,0,1,0,0,1,0,0,0,1,0,1,0,0,0,1,0,0,0
09/08/2019,10:00,37r,35R,1.740344027,31.57725899,0,0,0,0,0,0,0,0,0,0,0,0,0,0,0,0,0,0,0,0,1,0
10/08/2019,14:15,17h,15H,1.731914012,31.55885903,0,0,0,0,0,0,0,0,0,0,0,0,0,0,0,0,0,0,0,0,0,0
12/08/2019,13:00,29f,25F,1.72952299,31.56782297,1,1,0,0,0,0,0,0,0,0,0,0,0,0,0,0,0,1,0,0,0,0
13/08/2019,14:30,29n,25N,1.736929994,31.56783496,0,1,0,0,0,0,0,0,1,0,0,0,1,0,0,1,0,0,0,0,0,0
14/08/2019,10:30,30f,30F,1.729244962,31.57237401,0,0,0,0,0,0,0,0,0,0,0,0,0,0,0,0,0,0,0,0,0,0
17/08/2019,09:00,30f,30F,1.729244962,31.57237401,0,0,0,0,0,0,0,0,0,0,0,0,0,0,0,0,0,0,0,0,0,1
19/08/2019,08:00,30d,30D,1.727519967,31.57217402,0,0,0,0,0,0,0,0,0,0,0,1,0,0,0,0,0,0,0,0,0,1
20/08/2019,09:15,32r,30R,1.740334975,31.57222398,0,0,0,0,0,0,0,0,0,0,0,0,0,0,0,0,0,0,1,0,0,0
22/08/2019,10:00,30r,30R,1.740334975,31.57222398,0,0,0,0,0,0,0,0,0,0,0,0,0,0,0,0,0,0,0,1,0,0
24/08/2019,08:15,17j,15J,1.733443039,31.55888996,0,0,0,0,0,0,0,0,0,1,0,0,0,1,0,0,0,0,0,0,0,0
25/08/2019,08:30,17j,15J,1.733443039,31.55888996,0,0,0,0,0,0,0,0,0,0,0,0,0,0,0,0,0,0,0,0,0,0
27/08/2019,07:15,17j,15J,1.733443039,31.55888996,0,0,0,1,0,0,0,0,0,0,0,0,0,0,0,0,0,0,0,0,0,0
28/08/2019,10:00,17j,15J,1.733443039,31.55888996,0,0,0,0,0,0,0,0,0,0,0,0,0,0,0,0,0,0,0,0,0,0
29/08/2019,07:15,17j,15J,1.733443039,31.55888996,0,0,0,0,0,0,0,0,0,0,0,0,0,0,0,0,0,0,0,0,0,0
30/08/2019,11:15,25p,25P,1.739358986,31.56804199,1,1,0,1,1,0,0,1,1,1,0,0,0,0,1,1,0,0,0,1,1,0
31/08/2019,09:45,25r,25R,1.740493979,31.56802297,0,0,0,0,0,0,0,1,0,0,0,0,0,0,0,0,0,0,0,0,0,0
03/09/2019,07:45,17j,15J,1.733443039,31.55888996,0,0,0,0,0,1,0,0,0,0,0,0,0,0,0,0,0,0,0,0,0,0
04/09/2019,09:30,17j,15J,1.733443039,31.55888996,0,0,0,0,0,0,0,0,0,0,0,0,0,0,0,0,0,0,0,0,0,0
05/09/2019,08:15,17j,15J,1.733443039,31.55888996,0,0,0,0,0,0,0,0,0,0,0,0,0,0,0,0,0,0,0,0,0,0
08/09/2019,07:15,17j,15J,1.733443039,31.55888996,0,0,0,0,0,0,0,0,0,0,0,0,0,0,0,0,0,0,0,0,0,0
09/09/2019,07:45,25p,25P,1.739358986,31.56804199,0,0,0,0,0,1,0,0,0,0,0,0,0,0,0,0,0,0,0,0,0,0
10/09/2019,08:00,25p,25P,1.739358986,31.56804199,0,0,0,0,0,0,0,0,1,0,0,0,1,0,0,0,0,0,0,0,0,0
11/09/2019,12:15,27f,25F,1.72952299,31.56782297,0,0,0,0,0,0,0,0,0,0,0,0,0,0,0,0,0,0,0,0,0,0
12/09/2019,10:45,25p,25P,1.739358986,31.56804199,0,0,0,0,0,0,0,0,1,0,0,0,0,0,1,0,0,0,0,0,0,0
13/09/2019,07:45,25p,25P,1.739358986,31.56804199,0,0,0,0,1,0,0,1,1,0,0,0,0,0,0,0,0,0,0,0,0,0
14/09/2019,07:45,25p,25P,1.739358986,31.56804199,0,0,0,0,0,0,0,0,0,0,0,0,0,0,0,0,0,0,0,0,0,0
15/09/2019,08:45,25p,25P,1.739358986,31.56804199,0,0,0,0,0,1,0,0,0,1,0,0,0,0,0,0,0,0,0,0,0,0
16/09/2019,08:15,17l,15L,1.735025961,31.55892701,0,0,0,0,0,0,0,0,0,0,0,0,0,0,0,0,0,1,0,1,0,0
17/09/2019,07:45,17j,15J,1.733443039,31.55888996,0,0,0,0,0,0,0,0,0,0,0,0,0,0,0,0,0,0,0,1,0,1
18/09/2019,08:15,17j,15J,1.733443039,31.55888996,0,0,0,0,0,0,0,1,0,0,0,0,0,0,0,0,0,0,0,0,0,0
19/09/2019,07:15,17j,15J,1.733443039,31.55888996,0,0,0,0,0,0,0,0,1,1,0,0,0,0,0,0,0,0,0,0,1,0
20/09/2019,08:00,17j,15J,1.733443039,31.55888996,0,0,0,0,0,0,0,0,0,0,0,0,0,0,0,0,0,0,0,0,0,0
21/09/2019,08:45,32p,30P,1.739380024,31.57213404,0,1,0,1,0,0,0,0,0,0,0,0,0,0,0,0,0,0,0,0,0,0
22/09/2019,08:45,37d,35D,1.727491971,31.57734498,0,1,0,1,0,0,0,0,0,0,0,0,0,0,0,1,0,0,1,0,0,0
24/09/2019,09:30,30f,30F,1.729244962,31.57237401,0,0,0,1,0,0,0,0,0,0,0,0,0,0,1,0,0,0,0,0,0,0
26/09/2019,07:45,27b,25B,1.725720959,31.56794501,0,0,0,0,0,0,0,1,0,1,0,0,0,0,0,1,0,1,0,0,0,0
27/09/2019,08:45,32n,30N,1.737150019,31.57219699,0,0,0,1,0,0,0,1,0,0,0,0,0,0,0,0,0,0,1,0,1,0
01/10/2019,12:15,29f,25F,1.72952299,31.56782297,0,0,0,0,0,1,0,1,0,0,0,0,0,0,0,0,0,0,1,0,0,0
03/10/2019,08:30,29f,25F,1.72952299,31.56782297,0,0,0,0,0,1,0,0,0,0,0,0,0,0,0,0,0,0,0,0,0,0